fight_url,hardness,source
http://ufcstats.com/fight-details/7ca4c91bab696b89,0.6088808435559119,backtest
http://ufcstats.com/fight-details/eedc7fccf7037949,0.512529724933195,backtest
http://ufcstats.com/fight-details/a187670c5ee1ec5f,0.3919046315189265,backtest
http://ufcstats.com/fight-details/47d978a984a163aa,0.6596948206466597,backtest
http://ufcstats.com/fight-details/7ba432e218edc17d,0.48675019423420973,backtest
http://ufcstats.com/fight-details/e01019fbfe0e9528,0.28942841522179075,backtest
http://ufcstats.com/fight-details/3599e9de4ae0e171,0.3993604681376284,backtest
http://ufcstats.com/fight-details/d063d46208c560b1,0.245103372490016,backtest
http://ufcstats.com/fight-details/d806aacf5b6ba7f6,0.31976910949295856,backtest
http://ufcstats.com/fight-details/f114929ed709606e,0.2737893284941676,backtest
http://ufcstats.com/fight-details/45f00a42a17f8e2a,0.48727090144636365,backtest
http://ufcstats.com/fight-details/19706d8ba0edf9cd,0.4682413433121144,backtest
http://ufcstats.com/fight-details/62ff1e5deb124ff5,0.6004776737104782,backtest
http://ufcstats.com/fight-details/89b772f864acb637,0.49752352871787453,backtest
http://ufcstats.com/fight-details/e8aad69aace1d31f,0.42744904120473814,backtest
http://ufcstats.com/fight-details/84b3577229880760,0.5008112636481861,backtest
http://ufcstats.com/fight-details/58e5fc1914c4e641,0.4748338371993386,backtest
http://ufcstats.com/fight-details/58dec0a39cdefa3f,0.4811667082325748,backtest
http://ufcstats.com/fight-details/ed5b6681ab4e83e5,0.5511279805998096,backtest
http://ufcstats.com/fight-details/eb73b63bbd7b88a7,0.3050146144729897,backtest
http://ufcstats.com/fight-details/1d68bb733de24b06,0.6349889447311923,backtest
http://ufcstats.com/fight-details/9ea124a13d071186,0.26776361480437383,backtest
http://ufcstats.com/fight-details/5931cd9cf5da5f75,0.692799300197106,backtest
http://ufcstats.com/fight-details/3d7d82fff71e395a,0.39497460409263097,backtest
http://ufcstats.com/fight-details/8c5e06c71f392f33,0.32875872966951303,backtest
http://ufcstats.com/fight-details/69bca5091b2a31f6,0.32830178562172363,backtest
http://ufcstats.com/fight-details/85854504ce1aa97a,0.5260384964790916,backtest
http://ufcstats.com/fight-details/de484433eef22e1d,0.43137225111984856,backtest
http://ufcstats.com/fight-details/b23554da35a84fbc,0.4447557072752307,backtest
http://ufcstats.com/fight-details/48dd2c9cb39bd2d4,0.6040586353789013,backtest
http://ufcstats.com/fight-details/69a5895fde58432c,0.6870268008206402,backtest
http://ufcstats.com/fight-details/57415110bd494c79,0.3363399096925408,backtest
http://ufcstats.com/fight-details/f690949d90ff1dee,0.46400746052279196,backtest
http://ufcstats.com/fight-details/f1cc9169813c4a3e,0.49444730169849227,backtest
http://ufcstats.com/fight-details/98c29ba02cee5ba3,0.33727108787272575,backtest
http://ufcstats.com/fight-details/ee5c0b8a757992af,0.438720032275816,backtest
http://ufcstats.com/fight-details/6fa2dae90bda4742,0.42902094720367234,backtest
http://ufcstats.com/fight-details/998bde5639c61adb,0.7199844269984169,backtest
http://ufcstats.com/fight-details/32b8c6c4b735d712,0.6344736920259755,backtest
http://ufcstats.com/fight-details/4277b02a4dadac40,0.43394828514829953,backtest
http://ufcstats.com/fight-details/53f7f1b4834387a8,0.36133943994098017,backtest
http://ufcstats.com/fight-details/fc73ecbd83b7f159,0.4274719333860697,backtest
http://ufcstats.com/fight-details/308f6cb830019ea9,0.2118172087029193,backtest
http://ufcstats.com/fight-details/c61923255389e67c,0.3499425979669025,backtest
http://ufcstats.com/fight-details/0599f35e6679de02,0.37010875622791206,backtest
http://ufcstats.com/fight-details/a2f46e94aa6b0c64,0.5283287611449825,backtest
http://ufcstats.com/fight-details/503d7342cc08109f,0.5063892378648072,backtest
http://ufcstats.com/fight-details/f01b97e864cb4b8b,0.7128717342530222,backtest
http://ufcstats.com/fight-details/a2f2c64f9fb3fb1c,0.5359492921854188,backtest
http://ufcstats.com/fight-details/6114076c689e8457,0.30143686680433746,backtest
http://ufcstats.com/fight-details/bde635a4f345bc3e,0.30541430567818706,backtest
http://ufcstats.com/fight-details/5c783cd188425783,0.29376112248325503,backtest
http://ufcstats.com/fight-details/df7928de73fc2fe8,0.21781445732401283,backtest
http://ufcstats.com/fight-details/af6eeea1cfe33240,0.5238970702209148,backtest
http://ufcstats.com/fight-details/919e3c5cc6999cb3,0.6837264044749367,backtest
http://ufcstats.com/fight-details/ebf7cea27b83c432,0.44029651553934,backtest
http://ufcstats.com/fight-details/781a2ea50f5ae68f,0.3418932452375115,backtest
http://ufcstats.com/fight-details/108434acbbd75d26,0.35769637313682134,backtest
http://ufcstats.com/fight-details/cc11a0762f246fa4,0.28680657865847503,backtest
http://ufcstats.com/fight-details/b09f54654b0f95f5,0.2505969993391829,backtest
http://ufcstats.com/fight-details/b8bf186f884678ea,0.34422693899241374,backtest
http://ufcstats.com/fight-details/1d65c141776949d6,0.4244100257771217,backtest
http://ufcstats.com/fight-details/5256ba94641a4284,0.5444683017044729,backtest
http://ufcstats.com/fight-details/f0723cda67db3954,0.5907807002904314,backtest
http://ufcstats.com/fight-details/c9cef59a5de32219,0.45905933732434445,backtest
http://ufcstats.com/fight-details/f93b074dfd47b4b4,0.582694373837761,backtest
http://ufcstats.com/fight-details/de084f0d65421cfa,0.42811304709525533,backtest
http://ufcstats.com/fight-details/24581e2b39fe3319,0.5169003660482971,backtest
http://ufcstats.com/fight-details/eaa885cf7ae31e0b,0.39274651245810965,backtest
http://ufcstats.com/fight-details/d29a82322bb083d9,0.4362603210774455,backtest
http://ufcstats.com/fight-details/6ad594777cce2d7d,0.43574063994836965,backtest
http://ufcstats.com/fight-details/b989d4d7e220b3c1,0.3774438630727526,backtest
http://ufcstats.com/fight-details/7edf2fe3a8776a44,0.6196639336781324,backtest
http://ufcstats.com/fight-details/18729b11614406bf,0.4453168968072668,backtest
http://ufcstats.com/fight-details/799acf3ae8a5df0a,0.4961536090907146,backtest
http://ufcstats.com/fight-details/32f2965b4f4c4ebf,0.5892132588802602,backtest
http://ufcstats.com/fight-details/582846744e379178,0.4145611978152899,backtest
http://ufcstats.com/fight-details/6fd1edb58d271f7c,0.4877707560485476,backtest
http://ufcstats.com/fight-details/6b9ed3867dd42b3b,0.5431745164221298,backtest
http://ufcstats.com/fight-details/c9d2a718f39274c0,0.431848896811028,backtest
http://ufcstats.com/fight-details/e62033cb1e79aa81,0.32059876756388306,backtest
http://ufcstats.com/fight-details/ea6427379a83bd01,0.39546697222361826,backtest
http://ufcstats.com/fight-details/c31d9cac7534d879,0.3162763888933373,backtest
http://ufcstats.com/fight-details/e6685759ed2af90d,0.5277027171137082,backtest
http://ufcstats.com/fight-details/154138c8fc89c315,0.5935238942411024,backtest
http://ufcstats.com/fight-details/73f451d894a1d4ca,0.4058980822738537,backtest
http://ufcstats.com/fight-details/40e2a7b65794ac05,0.43730227601634575,backtest
http://ufcstats.com/fight-details/9676a4e9362e4bfd,0.2912725703644431,backtest
http://ufcstats.com/fight-details/00414fc5519233b4,0.5530836935334655,backtest
http://ufcstats.com/fight-details/6c1faa6284428e5d,0.5907737275562863,backtest
http://ufcstats.com/fight-details/c565e2baa27cc7e5,0.41024125925637966,backtest
http://ufcstats.com/fight-details/35c8223cc967fe0a,0.4936511496963244,backtest
http://ufcstats.com/fight-details/b35e47f2f58ef026,0.15194261276544996,backtest
http://ufcstats.com/fight-details/55eebc2ee92bf00a,0.3578647270260775,backtest
http://ufcstats.com/fight-details/8545a2495db16538,0.6913844007007206,backtest
http://ufcstats.com/fight-details/cfd3e62c638fbd1f,0.18880211937224756,backtest
http://ufcstats.com/fight-details/4f4189009a190e35,0.3468308040602144,backtest
http://ufcstats.com/fight-details/2a930e2d7e1f87a9,0.5054661814501844,backtest
http://ufcstats.com/fight-details/baee9b2491c986e2,0.6102537315719807,backtest
http://ufcstats.com/fight-details/f5f28a8b472b8012,0.4242511972552727,backtest
http://ufcstats.com/fight-details/86a2f07e0bf20297,0.5309105785263846,backtest
http://ufcstats.com/fight-details/38f1c83c19e99fa2,0.5333456024421145,backtest
http://ufcstats.com/fight-details/5dab54e34c2cfe01,0.5881286651207498,backtest
http://ufcstats.com/fight-details/828de4f5585c908c,0.48829293236205884,backtest
http://ufcstats.com/fight-details/f0c4aff7dd1ec4e9,0.5982119137627433,backtest
http://ufcstats.com/fight-details/56d2c00dfd391fcf,0.3307914210591496,backtest
http://ufcstats.com/fight-details/02ec66f311dce539,0.3305791456986249,backtest
http://ufcstats.com/fight-details/64d6d51219e0664c,0.5714797744553749,backtest
http://ufcstats.com/fight-details/bec57d7cce0e6257,0.42356324683558655,backtest
http://ufcstats.com/fight-details/f53573316a4f349f,0.46207598017988305,backtest
http://ufcstats.com/fight-details/9c207acb12c17a67,0.5378573441048338,backtest
http://ufcstats.com/fight-details/eb94412f15c62650,0.31766951638925267,backtest
http://ufcstats.com/fight-details/72b12a837290b327,0.21746021139928928,backtest
http://ufcstats.com/fight-details/a5c57b0f49e9f61c,0.39997590052778786,backtest
http://ufcstats.com/fight-details/d38029cf47e54cf7,0.4013123001680299,backtest
http://ufcstats.com/fight-details/0f16d83859d608c7,0.6695728071492815,backtest
http://ufcstats.com/fight-details/7c0d0a28a8fba102,0.5077881607234966,backtest
http://ufcstats.com/fight-details/df30514e0674d598,0.3827558598095889,backtest
http://ufcstats.com/fight-details/4914f7bd073c6359,0.5703114872221304,backtest
http://ufcstats.com/fight-details/089388c9f00ce9c6,0.5464078209634694,backtest
http://ufcstats.com/fight-details/0292b9c31c0089ac,0.2138358431269407,backtest
http://ufcstats.com/fight-details/f706508c52f337a6,0.4174605011483964,backtest
http://ufcstats.com/fight-details/1569186ee820ea87,0.421470184095574,backtest
http://ufcstats.com/fight-details/e761c5009c09b295,0.2581753749814507,backtest
http://ufcstats.com/fight-details/97caf8fca9d9603b,0.43577710989057694,backtest
http://ufcstats.com/fight-details/ebeeed2595266bbc,0.41471998505128593,backtest
http://ufcstats.com/fight-details/edf7ce89ad672e85,0.5859668015108894,backtest
http://ufcstats.com/fight-details/b40e4deb48658851,0.5805844948230037,backtest
http://ufcstats.com/fight-details/e5f9d59d00fe3c73,0.270463148187994,backtest
http://ufcstats.com/fight-details/cf258c17234d649e,0.42039215094784654,backtest
http://ufcstats.com/fight-details/b0be38110c2d8b84,0.4497016060278415,backtest
http://ufcstats.com/fight-details/2b6a75175bbca4e9,0.37715315637807434,backtest
http://ufcstats.com/fight-details/5238f6470d0557fb,0.4592231008849269,backtest
http://ufcstats.com/fight-details/7b1bc4ff776f12c1,0.6657414290394944,backtest
http://ufcstats.com/fight-details/1a635a5e4551e7d5,0.49995701529792336,backtest
http://ufcstats.com/fight-details/7521015554088962,0.5200782561686813,backtest
http://ufcstats.com/fight-details/00c6a2ef07ca51da,0.39583297100322345,backtest
http://ufcstats.com/fight-details/9c24c03131d5b49a,0.4037750861624997,backtest
http://ufcstats.com/fight-details/8a3281b0d7c168af,0.6700026667639167,backtest
http://ufcstats.com/fight-details/f01851055b8309e0,0.4190288158313501,backtest
http://ufcstats.com/fight-details/817cd15077a9419e,0.6180863308412199,backtest
http://ufcstats.com/fight-details/b33e3a6d15700bb1,0.4608384926233604,backtest
http://ufcstats.com/fight-details/58eda5a58a89f739,0.46922643764917604,backtest
http://ufcstats.com/fight-details/54fa6e32330a8cca,0.42374300275456656,backtest
http://ufcstats.com/fight-details/8d68863242695224,0.5057926004563003,backtest
http://ufcstats.com/fight-details/03c1865919daeaa4,0.43339299156826283,backtest
http://ufcstats.com/fight-details/192619174bd1ad77,0.4296754134052515,backtest
http://ufcstats.com/fight-details/aa38e39397dbea72,0.3962711425169497,backtest
http://ufcstats.com/fight-details/a2a5809ed8a01b45,0.3640488813070917,backtest
http://ufcstats.com/fight-details/ce4fc800a7456d18,0.526041450837144,backtest
http://ufcstats.com/fight-details/f46308108eb9261a,0.5997527508687399,backtest
http://ufcstats.com/fight-details/32cc31b76b32ade1,0.6156764687689817,backtest
http://ufcstats.com/fight-details/e5e3d396a9b1c5ae,0.5984850998061884,backtest
http://ufcstats.com/fight-details/340fcdcabc49f142,0.31595327554909325,backtest
http://ufcstats.com/fight-details/e294a1e5723011db,0.6285848673132333,backtest
http://ufcstats.com/fight-details/aa3fca085d476636,0.17840774542773175,backtest
http://ufcstats.com/fight-details/95ba27bea09cd84e,0.4633147308340304,backtest
http://ufcstats.com/fight-details/938081fae11dcbbf,0.6398270124818946,backtest
http://ufcstats.com/fight-details/a6db8eb1fb3eebf2,0.38634969404286845,backtest
http://ufcstats.com/fight-details/69d63c057aebffaf,0.3424785040139836,backtest
http://ufcstats.com/fight-details/54d48b33e7240452,0.24731753141025614,backtest
http://ufcstats.com/fight-details/959fea398ffa5778,0.4988926547303425,backtest
http://ufcstats.com/fight-details/f39941b3743bf18c,0.6281331301626285,backtest
http://ufcstats.com/fight-details/daef1691c7d6b1e4,0.06134818447718682,backtest
http://ufcstats.com/fight-details/d14f98b24691d082,0.8281715460416,backtest
http://ufcstats.com/fight-details/91bf33ada75d6061,0.3762040299235887,backtest
http://ufcstats.com/fight-details/984ce1062186f3ce,0.644041896524524,backtest
http://ufcstats.com/fight-details/750257171ad29a2c,0.4515854727705886,backtest
http://ufcstats.com/fight-details/e97e71a593e4c28d,0.31339073747031987,backtest
http://ufcstats.com/fight-details/43bbaf06603b0f0c,0.6011442085078704,backtest
http://ufcstats.com/fight-details/775788423f5eeb99,0.3796745026406486,backtest
http://ufcstats.com/fight-details/70b8dca3addcf4de,0.4893147903432695,backtest
http://ufcstats.com/fight-details/3c00f34f20c8a189,0.39408091629352837,backtest
http://ufcstats.com/fight-details/426e7a3de68117b0,0.7125232066259838,backtest
http://ufcstats.com/fight-details/85e79748b75eb30e,0.4081371202265709,backtest
http://ufcstats.com/fight-details/940f586104bf8bc8,0.22181749878719004,backtest
http://ufcstats.com/fight-details/946cae1beed2baec,0.5394302164347278,backtest
http://ufcstats.com/fight-details/8bc8bb0021337de7,0.4896318600361004,backtest
http://ufcstats.com/fight-details/1f70a4516a70abf2,0.5032548581802233,backtest
http://ufcstats.com/fight-details/c7fadbdfdc14c282,0.5513175830405455,backtest
http://ufcstats.com/fight-details/64641156360b1b81,0.32581504638252,backtest
http://ufcstats.com/fight-details/4218d1d1ce6d322c,0.41175790161783055,backtest
http://ufcstats.com/fight-details/4ce53d8a26693f06,0.22790019841394138,backtest
http://ufcstats.com/fight-details/8435f90fbd50c7a5,0.44770971630502343,backtest
http://ufcstats.com/fight-details/03c2a836d033be8f,0.7175198448954996,backtest
http://ufcstats.com/fight-details/d13849f49f99bf01,0.14260713829123106,backtest
http://ufcstats.com/fight-details/c35a53be30bfd066,0.49916766697748405,backtest
http://ufcstats.com/fight-details/3b2a24db4eeaeede,0.3521212884838406,backtest
http://ufcstats.com/fight-details/07b357090cc91c2c,0.24502003235600955,backtest
http://ufcstats.com/fight-details/7b9f169016746f81,0.4233984146480839,backtest
http://ufcstats.com/fight-details/58668a0736602842,0.1522284141541702,backtest
http://ufcstats.com/fight-details/f4817d5cbe9be532,0.7502408494436827,backtest
http://ufcstats.com/fight-details/2ae33fce63a75df9,0.5501278982475031,backtest
http://ufcstats.com/fight-details/875b249ebe45a66b,0.40624750478389515,backtest
http://ufcstats.com/fight-details/365e2d891b98b86d,0.7593789380288121,backtest
http://ufcstats.com/fight-details/68913a422f548ccc,0.22676950566537568,backtest
http://ufcstats.com/fight-details/2a493f15e079a7ff,0.3058958137330816,backtest
http://ufcstats.com/fight-details/ce1436a9b58902a7,0.6715504691467773,backtest
http://ufcstats.com/fight-details/f5386c98fea7f5d4,0.4208961665100037,backtest
http://ufcstats.com/fight-details/b6475543ab6d20c9,0.14054609521821648,backtest
http://ufcstats.com/fight-details/615f7f894bafad82,0.5035178723633419,backtest
http://ufcstats.com/fight-details/bc6d70ab959dce70,0.5075813818381378,backtest
http://ufcstats.com/fight-details/e011819e721c4a2a,0.34968300320183454,backtest
http://ufcstats.com/fight-details/3ded9bfdfb75f39b,0.31333371208203753,backtest
http://ufcstats.com/fight-details/e9dfc2f009a77a8d,0.30433386924313854,backtest
http://ufcstats.com/fight-details/c0d8a231d2f1d1af,0.5523495771937257,backtest
http://ufcstats.com/fight-details/8ef7723b6a8b45e1,0.2495051744821133,backtest
http://ufcstats.com/fight-details/19c8092496e94b85,0.6115446044092646,backtest
http://ufcstats.com/fight-details/0cdca4c22b8d3ab5,0.2874467052342039,backtest
http://ufcstats.com/fight-details/b959e2c1d16ff832,0.34956118216346976,backtest
http://ufcstats.com/fight-details/08763e87e10b9709,0.6862930017808291,backtest
http://ufcstats.com/fight-details/206b8c14546d71f1,0.4486830068156229,backtest
http://ufcstats.com/fight-details/1ada4b9ee5810e0f,0.39510962729430277,backtest
http://ufcstats.com/fight-details/1de799f17556b501,0.25142811166571133,backtest
http://ufcstats.com/fight-details/dd1df7f5a54fd9fc,0.24959238420158403,backtest
http://ufcstats.com/fight-details/a857acedb53ee959,0.3138376728345301,backtest
http://ufcstats.com/fight-details/d6c3b730dc9f21a5,0.7063787103243887,backtest
http://ufcstats.com/fight-details/061990783b9bdb36,0.5679829953764712,backtest
http://ufcstats.com/fight-details/6bdf0756fb57aced,0.4290002442676877,backtest
http://ufcstats.com/fight-details/0dfdc94c1da32e20,0.7410132959673409,backtest
http://ufcstats.com/fight-details/9d8a37f130db13e5,0.6222365957154505,backtest
http://ufcstats.com/fight-details/96c2f85b46e98e91,0.5955664245043055,backtest
http://ufcstats.com/fight-details/af3e43049bc86fe9,0.4754215424719488,backtest
http://ufcstats.com/fight-details/19fe7177254802d1,0.345666604813859,backtest
http://ufcstats.com/fight-details/cab4937435d081d0,0.4200158609744058,backtest
http://ufcstats.com/fight-details/e61cb905f6152183,0.5213653844051316,backtest
http://ufcstats.com/fight-details/231968c02cdfe65e,0.2943584402661027,backtest
http://ufcstats.com/fight-details/a3cd6a65aaa9f104,0.28292775236836487,backtest
http://ufcstats.com/fight-details/a2f31cf3a28a7730,0.4470119859489118,backtest
http://ufcstats.com/fight-details/9e05fe95a4fc63bc,0.44611957539491864,backtest
http://ufcstats.com/fight-details/79f1c9f97d83ec83,0.842344948328742,backtest
http://ufcstats.com/fight-details/a8f8245096eaf0cd,0.45570852941656514,backtest
http://ufcstats.com/fight-details/5d8af316413ea2f7,0.1826094547801943,backtest
http://ufcstats.com/fight-details/5fa6543868367f4b,0.7440377016482499,backtest
http://ufcstats.com/fight-details/cb3eb07b7152366e,0.6815661084613347,backtest
http://ufcstats.com/fight-details/29d9c5a3f2b78903,0.22525180006593581,backtest
http://ufcstats.com/fight-details/74bc22b367cca118,0.42300746622378627,backtest
http://ufcstats.com/fight-details/1c62a7444808d97f,0.7797712574987179,backtest
http://ufcstats.com/fight-details/e56403718205b494,0.5226450920054357,backtest
http://ufcstats.com/fight-details/ab1aa23060d4e87b,0.2676689868804397,backtest
http://ufcstats.com/fight-details/d8f40b82364b6411,0.189137295840906,backtest
http://ufcstats.com/fight-details/c83133ee114945ed,0.5680313749182615,backtest
http://ufcstats.com/fight-details/67f7163e536d62e2,0.6103711264118468,backtest
http://ufcstats.com/fight-details/36db86c39ed09997,0.3467050053267571,backtest
http://ufcstats.com/fight-details/1b02588149d126bf,0.7510848201671653,backtest
http://ufcstats.com/fight-details/a693622ad8c0d672,0.5022574828288553,backtest
http://ufcstats.com/fight-details/8af2b589d5e9c1ae,0.43997009763338313,backtest
http://ufcstats.com/fight-details/dd229687cb62c871,0.6770013003991523,backtest
http://ufcstats.com/fight-details/e5a88f5c686173c4,0.4277371193250251,backtest
http://ufcstats.com/fight-details/2a1071689c3af9df,0.2620033643531354,backtest
http://ufcstats.com/fight-details/b5b4b69bccb9ff4a,0.46644218908098123,backtest
http://ufcstats.com/fight-details/8e6640c007ad603d,0.3819161939870317,backtest
http://ufcstats.com/fight-details/96c6be6b22385967,0.5002100139126733,backtest
http://ufcstats.com/fight-details/6d9ea9f436ed354d,0.22442789558030518,backtest
http://ufcstats.com/fight-details/371ed8497799998e,0.4127375372328279,backtest
http://ufcstats.com/fight-details/265dbd9be8caa7de,0.39767904199622695,backtest
http://ufcstats.com/fight-details/9779eb1aae1d4654,0.4734980074411128,backtest
http://ufcstats.com/fight-details/7e3fc760b26b6ae4,0.3472365789946652,backtest
http://ufcstats.com/fight-details/41cdbcc0f3635b8f,0.5188943082389599,backtest
http://ufcstats.com/fight-details/9f66d450af690df5,0.4182311613421058,backtest
http://ufcstats.com/fight-details/e2e2537a345367d4,0.3241129515715089,backtest
http://ufcstats.com/fight-details/64fe6e61a24dbf39,0.31744334715195166,backtest
http://ufcstats.com/fight-details/7efca050bc7be8ac,0.4753160598325409,backtest
http://ufcstats.com/fight-details/55376d5c205fa844,0.3188866298580342,backtest
http://ufcstats.com/fight-details/0f20c1d7c44fa5fe,0.15470936247493616,backtest
http://ufcstats.com/fight-details/5ba7dd466e30169f,0.682306063530526,backtest
http://ufcstats.com/fight-details/ab4a91a59c01d6b6,0.5267115455260708,backtest
http://ufcstats.com/fight-details/8fc8d66ad0074ab0,0.38472422626661296,backtest
http://ufcstats.com/fight-details/33e301872e2b5680,0.28085820750961477,backtest
http://ufcstats.com/fight-details/cca4d763b1c6de0a,0.3765884520309073,backtest
http://ufcstats.com/fight-details/96cc199d78732d11,0.39212833957258064,backtest
http://ufcstats.com/fight-details/4b1aec2395ebca14,0.403458178382992,backtest
http://ufcstats.com/fight-details/fd088ce1481315a5,0.18702388456499364,backtest
http://ufcstats.com/fight-details/58811a4e36c53b89,0.5938089839730514,backtest
http://ufcstats.com/fight-details/76641669c1607b7a,0.4018963586516213,backtest
http://ufcstats.com/fight-details/d1368ca941c1fefc,0.38741796784952964,backtest
http://ufcstats.com/fight-details/de9422207df2de64,0.5881912406386582,backtest
http://ufcstats.com/fight-details/0c80eef2f4570543,0.5712896443110442,backtest
http://ufcstats.com/fight-details/fc3825dd1b67e39d,0.42834954699492644,backtest
http://ufcstats.com/fight-details/a160e94fdb66de17,0.5669074030942491,backtest
http://ufcstats.com/fight-details/86a1be10255eea4e,0.15164449290381032,backtest
http://ufcstats.com/fight-details/b87d6f71d901355b,0.45229548286222765,backtest
http://ufcstats.com/fight-details/fd98843926965cbd,0.41661275487856686,backtest
http://ufcstats.com/fight-details/4bbda6c1f6cf9d4e,0.5752958685281616,backtest
http://ufcstats.com/fight-details/08e7a39eb7482ebf,0.5326751587996337,backtest
http://ufcstats.com/fight-details/11eb27a1ac74d225,0.16173554927917422,backtest
http://ufcstats.com/fight-details/0eccebee160137b1,0.49374071105115225,backtest
http://ufcstats.com/fight-details/0e71e69359db4d1e,0.36969548589169654,backtest
http://ufcstats.com/fight-details/b2d731415bd367df,0.566594959192998,backtest
http://ufcstats.com/fight-details/8c540eb4afe8c43e,0.443006626460274,backtest
http://ufcstats.com/fight-details/d3be5a4e0ec273e2,0.20863019982407482,backtest
http://ufcstats.com/fight-details/d05cb4c4135ce402,0.1853557028994246,backtest
http://ufcstats.com/fight-details/e733f148060bef2a,0.5353930599502271,backtest
http://ufcstats.com/fight-details/fc43d60cbd6b0e6a,0.7567392914643473,backtest
http://ufcstats.com/fight-details/7fd6770fe2d4f258,0.29021446830374764,backtest
http://ufcstats.com/fight-details/e7b3ca036835b7c2,0.13261361145245443,backtest
http://ufcstats.com/fight-details/c2c20a04a78d9143,0.6679521043002876,backtest
http://ufcstats.com/fight-details/7d51649373d42571,0.3351830854910366,backtest
http://ufcstats.com/fight-details/6f3cb7ce84185dd3,0.3999989861923068,backtest
http://ufcstats.com/fight-details/97770b38df67b276,0.4642463427948892,backtest
http://ufcstats.com/fight-details/23201d09a78d446d,0.48461824981176926,backtest
http://ufcstats.com/fight-details/62fbdd4f0bcd3c2a,0.619372805645414,backtest
http://ufcstats.com/fight-details/fbf83609dc96f32e,0.339886119208866,backtest
http://ufcstats.com/fight-details/9bbd45774fb4a6eb,0.501788107401858,backtest
http://ufcstats.com/fight-details/4072abf0b0c179f2,0.45427949524725975,backtest
http://ufcstats.com/fight-details/a526a72ade275f46,0.3184827110536834,backtest
http://ufcstats.com/fight-details/633f4b5ec767769d,0.4414710324103738,backtest
http://ufcstats.com/fight-details/d8d22dcc1f6912e7,0.3921388652726192,backtest
http://ufcstats.com/fight-details/469f887278324e63,0.6466961076550165,backtest
http://ufcstats.com/fight-details/c445401709421fa4,0.3538121572208053,backtest
http://ufcstats.com/fight-details/97b32ff27fd457a8,0.597292418764036,backtest
http://ufcstats.com/fight-details/6e26a6293ea6ba62,0.25867835088428615,backtest
http://ufcstats.com/fight-details/77ed474dfc5359ea,0.46388031652341966,backtest
http://ufcstats.com/fight-details/2707dc2245335cc1,0.4833379298752699,backtest
http://ufcstats.com/fight-details/6ccd10adc968e1f0,0.6027412738939866,backtest
http://ufcstats.com/fight-details/5ce29056e0cd2df9,0.3905514515890529,backtest
http://ufcstats.com/fight-details/191ee545160a4e09,0.45944049393130515,backtest
http://ufcstats.com/fight-details/380242601a2c5991,0.5706714016155042,backtest
http://ufcstats.com/fight-details/9b3bade95e1dd484,0.36732710263792023,backtest
http://ufcstats.com/fight-details/9039959b41901412,0.3196758392499538,backtest
http://ufcstats.com/fight-details/99aa1f28e22bb6dd,0.27649242484770575,backtest
http://ufcstats.com/fight-details/c20bd12ae7f04eff,0.5332853925606185,backtest
http://ufcstats.com/fight-details/0e0a4282cd6c86d7,0.5239707300043347,backtest
http://ufcstats.com/fight-details/6ecfa439ef900bcc,0.5546576315367782,backtest
http://ufcstats.com/fight-details/4db2d86ebe8c8abd,0.3240969519076925,backtest
http://ufcstats.com/fight-details/c812457a810dde39,0.6283423762810638,backtest
http://ufcstats.com/fight-details/c7190cd03e53fb61,0.1347752582368057,backtest
http://ufcstats.com/fight-details/0f53eb509d0ffeb9,0.21810507377327204,backtest
http://ufcstats.com/fight-details/891b2faf1bff38ee,0.48538020686027317,backtest
http://ufcstats.com/fight-details/9e9d1764a015f313,0.5890298749265936,backtest
http://ufcstats.com/fight-details/b873c116e39c9920,0.373193019055268,backtest
http://ufcstats.com/fight-details/2521234a4bf7c615,0.29914783797917754,backtest
http://ufcstats.com/fight-details/afdd95ae7b7cdb0c,0.36583741895835453,backtest
http://ufcstats.com/fight-details/66887532be2de5ee,0.1799476922979344,backtest
http://ufcstats.com/fight-details/f75fe8b384b0db11,0.317553566006077,backtest
http://ufcstats.com/fight-details/d6e2bc6e6c0cc4fe,0.32029394233977404,backtest
http://ufcstats.com/fight-details/8ba31cf0b3164b72,0.5859887246850586,backtest
http://ufcstats.com/fight-details/18a7dc86279066f8,0.3024597907323,backtest
http://ufcstats.com/fight-details/fe2acfdaaaec3dba,0.27984373586558564,backtest
http://ufcstats.com/fight-details/b3044bf646306e7f,0.4262133410917607,backtest
http://ufcstats.com/fight-details/dcb27eef6441268c,0.27676867961312557,backtest
http://ufcstats.com/fight-details/a81ad236a2f221f2,0.11646719799312177,backtest
http://ufcstats.com/fight-details/a9a6cca4bbf7a5db,0.5853537862890953,backtest
http://ufcstats.com/fight-details/73240bea13ed5e71,0.6582156885820546,backtest
http://ufcstats.com/fight-details/ae89ba793121fe0c,0.5472957839475945,backtest
http://ufcstats.com/fight-details/2521fed000747f47,0.15064083475268952,backtest
http://ufcstats.com/fight-details/baa2ee0bf7f97079,0.5909345605589627,backtest
http://ufcstats.com/fight-details/ad68450307a21ab1,0.3555437117898411,backtest
http://ufcstats.com/fight-details/7aaa810540132a4b,0.6509457045635396,backtest
http://ufcstats.com/fight-details/305d8c85b35a7d4e,0.7214564602527738,backtest
http://ufcstats.com/fight-details/212527d462690304,0.5256931375318337,backtest
http://ufcstats.com/fight-details/106918bfbe24335d,0.5666723978998491,backtest
http://ufcstats.com/fight-details/0e8599eca8ccfa32,0.26780818960538044,backtest
http://ufcstats.com/fight-details/2e4064e0e6d4d92e,0.2536994747034441,backtest
http://ufcstats.com/fight-details/9f4a0de31375ba04,0.46899022371876675,backtest
http://ufcstats.com/fight-details/d078e9046aa86307,0.35885202870644806,backtest
http://ufcstats.com/fight-details/f0488a4486a64af0,0.7571917061745705,backtest
http://ufcstats.com/fight-details/01100a90b584215d,0.24333818442476896,backtest
http://ufcstats.com/fight-details/ac977a0389682124,0.5060497137833981,backtest
http://ufcstats.com/fight-details/2129acab2280bd29,0.4629075848403872,backtest
http://ufcstats.com/fight-details/df5dac45fc585fb0,0.12205721845761985,backtest
http://ufcstats.com/fight-details/e28e829800466aca,0.4400719816979617,backtest
http://ufcstats.com/fight-details/81b84b34f0357fa5,0.2647953491852306,backtest
http://ufcstats.com/fight-details/e61d83e4e1f9c4d7,0.3227235217670331,backtest
http://ufcstats.com/fight-details/b6a87389bdc36a00,0.26138988141547237,backtest
http://ufcstats.com/fight-details/2ae7404681deb3b3,0.35054059043679486,backtest
http://ufcstats.com/fight-details/59c4fdb3c0673066,0.32036545064128896,backtest
http://ufcstats.com/fight-details/b39b8ff0d7de211a,0.3077823798699958,backtest
http://ufcstats.com/fight-details/f6454f2e508626ec,0.1410232045256128,backtest
http://ufcstats.com/fight-details/e861e9cc0118c670,0.2092448808264834,backtest
http://ufcstats.com/fight-details/ab325ea526824723,0.1893669678149723,backtest
http://ufcstats.com/fight-details/1714950933f88ab9,0.3955476227815298,backtest
http://ufcstats.com/fight-details/e5bd7e6e2a50a843,0.4947603186088969,backtest
http://ufcstats.com/fight-details/79dfbbdd14fbbd11,0.5385077708882564,backtest
http://ufcstats.com/fight-details/d75b3d3c2b209b75,0.6429634477616974,backtest
http://ufcstats.com/fight-details/ec2034b134ae71cd,0.8923656426522484,backtest
http://ufcstats.com/fight-details/a12d3a6c8aaf87ca,0.44082070605115,backtest
http://ufcstats.com/fight-details/8c140756bf43dcc2,0.16742193340861167,backtest
http://ufcstats.com/fight-details/2bfc0212f2cae65b,0.5308235456991433,backtest
http://ufcstats.com/fight-details/fff3218758c513b8,0.48480154554444166,backtest
http://ufcstats.com/fight-details/5fcf18bcd2a020f1,0.6009516714679748,backtest
http://ufcstats.com/fight-details/e512b80bbaea36c2,0.796672621238621,backtest
http://ufcstats.com/fight-details/19764211af05674c,0.605466870289754,backtest
http://ufcstats.com/fight-details/36ec204f47e4d613,0.22114764085660166,backtest
http://ufcstats.com/fight-details/8e5744c664fec3e9,0.2228180544147308,backtest
http://ufcstats.com/fight-details/a1afc16e21d1a807,0.6939318596484125,backtest
http://ufcstats.com/fight-details/03bc32bdb5a33496,0.7762301942938985,backtest
http://ufcstats.com/fight-details/7513a00037094075,0.3439584148310172,backtest
http://ufcstats.com/fight-details/2f523b757f7f33a2,0.39667377591819863,backtest
http://ufcstats.com/fight-details/043172689e415438,0.400924986831835,backtest
http://ufcstats.com/fight-details/d7be78c400e7e0f9,0.1815653812160667,backtest
http://ufcstats.com/fight-details/815ff62ca8e217be,0.34772053084910126,backtest
http://ufcstats.com/fight-details/958522de54ccc536,0.4765752805726191,backtest
http://ufcstats.com/fight-details/9bff9fe298e63357,0.41061511111413573,backtest
http://ufcstats.com/fight-details/1ea9ad3b6e1cba79,0.5123806344672805,backtest
http://ufcstats.com/fight-details/f722b96ae6862843,0.3034646890064344,backtest
http://ufcstats.com/fight-details/8308464729ea7c40,0.3792478559503356,backtest
http://ufcstats.com/fight-details/7a64d63e12618ba7,0.15856151887708936,backtest
http://ufcstats.com/fight-details/f6a3c78f15ff26c7,0.6581051814602876,backtest
http://ufcstats.com/fight-details/120d66cb0da0f3c3,0.2099352042246414,backtest
http://ufcstats.com/fight-details/7f33fbdc35afd721,0.19875572288236765,backtest
http://ufcstats.com/fight-details/5c650ae2193ab1bc,0.4332952702748363,backtest
http://ufcstats.com/fight-details/46bc1338a50cbeac,0.13955807151206956,backtest
http://ufcstats.com/fight-details/d5e3be7a07c48b08,0.3874579811078265,backtest
http://ufcstats.com/fight-details/236f811290163dca,0.3676082363035946,backtest
http://ufcstats.com/fight-details/4b75d3b7738cb278,0.1502311357082935,backtest
http://ufcstats.com/fight-details/4e5d4a36eaaa3a78,0.3657038212998669,backtest
http://ufcstats.com/fight-details/f368475c366c6d85,0.37361261576202265,backtest
http://ufcstats.com/fight-details/2a03bc4c491b4c9a,0.19707117884570813,backtest
http://ufcstats.com/fight-details/0adfc21045c02555,0.848102689287625,backtest
http://ufcstats.com/fight-details/b19bf99c7eb796bc,0.6900825471323647,backtest
http://ufcstats.com/fight-details/72e477b41f44e358,0.20639825194421102,backtest
http://ufcstats.com/fight-details/a602c68147b752b2,0.26067231687361214,backtest
http://ufcstats.com/fight-details/74099d470e8d2765,0.4947253289744519,backtest
http://ufcstats.com/fight-details/182ee320edb1b5ed,0.3539706064611733,backtest
http://ufcstats.com/fight-details/798652dbea086910,0.25591416355227115,backtest
http://ufcstats.com/fight-details/37bc72d5d211b189,0.4015045548508679,backtest
http://ufcstats.com/fight-details/df2ed8b509fbdbdc,0.7833391080455296,backtest
http://ufcstats.com/fight-details/23c963be9de38205,0.5718586113547047,backtest
http://ufcstats.com/fight-details/d2cb92fdf6a497e9,0.4313938636025245,backtest
http://ufcstats.com/fight-details/a95b03e9b5a91e47,0.6613835718899954,backtest
http://ufcstats.com/fight-details/acc961fd5cf5c62e,0.8379153827332135,backtest
http://ufcstats.com/fight-details/5dde61734080ac4a,0.7064485278058223,backtest
http://ufcstats.com/fight-details/d7507e2741fd4d05,0.33046425144194114,backtest
http://ufcstats.com/fight-details/8e1feda9141602f1,0.3381452444514156,backtest
http://ufcstats.com/fight-details/017a825c7820d12e,0.679978895319516,backtest
http://ufcstats.com/fight-details/0a598768f5c8d540,0.25423694695597343,backtest
http://ufcstats.com/fight-details/23ddf51ce630028d,0.5670397916846996,backtest
http://ufcstats.com/fight-details/f9dac7702609669f,0.5507066475221947,backtest
http://ufcstats.com/fight-details/3e6067763978d862,0.5825549111088828,backtest
http://ufcstats.com/fight-details/7c075e3383198e14,0.6178110849736598,backtest
http://ufcstats.com/fight-details/e72c691b7c68b03a,0.3806233203422107,backtest
http://ufcstats.com/fight-details/77f960d82cda0b76,0.6362892882556791,backtest
http://ufcstats.com/fight-details/887c61da1a78a5e1,0.5231581026833982,backtest
http://ufcstats.com/fight-details/582d66ce97309e29,0.21449958499728095,backtest
http://ufcstats.com/fight-details/d4d4ee045b0ca695,0.40257919631526373,backtest
http://ufcstats.com/fight-details/6b8be0ee3e569ad2,0.3488730858019867,backtest
http://ufcstats.com/fight-details/d98d6b2c13557a87,0.36608087460325334,backtest
http://ufcstats.com/fight-details/b47db03affb279c3,0.18625230783911295,backtest
http://ufcstats.com/fight-details/07c2af68b6dbc4ec,0.3998124474114172,backtest
http://ufcstats.com/fight-details/b3c695728e177fd4,0.630135087440107,backtest
http://ufcstats.com/fight-details/45781930d64da456,0.21983541184282496,backtest
http://ufcstats.com/fight-details/eeeffa7f514e0c0e,0.5938906264856181,backtest
http://ufcstats.com/fight-details/ac57250e3de89d5d,0.3705358858575224,backtest
http://ufcstats.com/fight-details/c62ed8a6002b5360,0.6270880149977186,backtest
http://ufcstats.com/fight-details/878941394f9e3538,0.5813763719975388,backtest
http://ufcstats.com/fight-details/426a69e343822ab3,0.493905878015949,backtest
http://ufcstats.com/fight-details/282c8c6c1ed82bfb,0.3820692544998532,backtest
http://ufcstats.com/fight-details/111e66eb922449e4,0.6091460336577466,backtest
http://ufcstats.com/fight-details/ae7a8f19743e8154,0.15583049148758898,backtest
http://ufcstats.com/fight-details/857e8facd8ff7c36,0.5431345312707667,backtest
http://ufcstats.com/fight-details/6ef50ed03b116b60,0.2998816958071807,backtest
http://ufcstats.com/fight-details/7d923267c44dd93b,0.5114582806936242,backtest
http://ufcstats.com/fight-details/aef44145740741b3,0.09176237611439964,backtest
http://ufcstats.com/fight-details/3d6571790c21527c,0.13076835649825846,backtest
http://ufcstats.com/fight-details/68fe62bac7fd8bb0,0.1714006378850209,backtest
http://ufcstats.com/fight-details/ed5383b50ffcdded,0.36408801174496863,backtest
http://ufcstats.com/fight-details/98d6771af9b0ebe5,0.7649074834706987,backtest
http://ufcstats.com/fight-details/646c79a7ecd12e5f,0.12371219592948046,backtest
http://ufcstats.com/fight-details/37d58369782cb86b,0.18811554929109042,backtest
http://ufcstats.com/fight-details/75a84211f50c53f5,0.3157902384447284,backtest
http://ufcstats.com/fight-details/a2eafd9e1d5031b1,0.3945925491518866,backtest
http://ufcstats.com/fight-details/88020d22cf905792,0.32183221548055996,backtest
http://ufcstats.com/fight-details/68c423c7119004f3,0.49830491391227294,backtest
http://ufcstats.com/fight-details/bc63f1b2e52f603e,0.35266331060749057,backtest
http://ufcstats.com/fight-details/1d8dc0fb5d47357f,0.8299554961509437,backtest
http://ufcstats.com/fight-details/5b880d10b0ed7acc,0.40791548291514923,backtest
http://ufcstats.com/fight-details/9fa6a029f7f8241c,0.125241067819729,backtest
http://ufcstats.com/fight-details/82338ba457fbe87f,0.6664164953551199,backtest
http://ufcstats.com/fight-details/9939d7073462e07e,0.3553000528891461,backtest
http://ufcstats.com/fight-details/42585ce706c086de,0.4712712942463997,backtest
http://ufcstats.com/fight-details/12cedec11b37ddc0,0.48771827929226386,backtest
http://ufcstats.com/fight-details/5efd13a12be06706,0.40087907694303404,backtest
http://ufcstats.com/fight-details/abf5f4d6f777cf7b,0.6459641792474236,backtest
http://ufcstats.com/fight-details/16523b1bec3cd7b0,0.4391525772599738,backtest
http://ufcstats.com/fight-details/7fc5f1dc2df84ac7,0.5960868423926987,backtest
http://ufcstats.com/fight-details/2f6065fe0804d1d8,0.4683518687309831,backtest
http://ufcstats.com/fight-details/f0b7caa90faf47e5,0.28482000445366695,backtest
http://ufcstats.com/fight-details/130e622d4d2aee3e,0.791131046260427,backtest
http://ufcstats.com/fight-details/f55749e32ce5c6f3,0.32572192691057655,backtest
http://ufcstats.com/fight-details/1ab1ed99a4bc5494,0.631085156026902,backtest
http://ufcstats.com/fight-details/0b1460c666e66d39,0.4163041260502621,backtest
http://ufcstats.com/fight-details/1452c20d964c0a63,0.19648013400390585,backtest
http://ufcstats.com/fight-details/ce6bd165bef82bd7,0.3821488766564639,backtest
http://ufcstats.com/fight-details/5538d15c4eeac3b3,0.40847016040346806,backtest
http://ufcstats.com/fight-details/58080e8989927500,0.44254665092208234,backtest
http://ufcstats.com/fight-details/2eecf0c36192e40c,0.7381558027275844,backtest
http://ufcstats.com/fight-details/d56a59a4c79cf515,0.4940836042720087,backtest
http://ufcstats.com/fight-details/b3253e2c2d111030,0.7552238867650072,backtest
http://ufcstats.com/fight-details/420211200a35c1d1,0.39325857598070835,backtest
http://ufcstats.com/fight-details/5cd2dd6075fadcce,0.3312275164303349,backtest
http://ufcstats.com/fight-details/23dbe713c4294c66,0.7232266918736299,backtest
http://ufcstats.com/fight-details/4080b4310d82b42d,0.19364344184011717,backtest
http://ufcstats.com/fight-details/a38010639e61885c,0.4728980706756578,backtest
http://ufcstats.com/fight-details/a47123ae6e048f11,0.3468814904615928,backtest
http://ufcstats.com/fight-details/69b31593175f77ec,0.5740849460941585,backtest
http://ufcstats.com/fight-details/0149e875b31e57f8,0.36029983378359176,backtest
http://ufcstats.com/fight-details/d14fea43712707f0,0.47420416915710206,backtest
http://ufcstats.com/fight-details/5bcd8abf6da01dae,0.5139077753097014,backtest
http://ufcstats.com/fight-details/b53031bf4bd0a330,0.32063662068974497,backtest
http://ufcstats.com/fight-details/c4a6174b0698652e,0.6943079271067643,backtest
http://ufcstats.com/fight-details/a1e193425e716b42,0.5496735702949511,backtest
http://ufcstats.com/fight-details/3dc1a6335d890650,0.287547141291815,backtest
http://ufcstats.com/fight-details/9474f64347aade7a,0.13356390254802664,backtest
http://ufcstats.com/fight-details/352839a03b428e74,0.7791920954688015,backtest
http://ufcstats.com/fight-details/07a378b257aad5a9,0.2962026442241149,backtest
http://ufcstats.com/fight-details/3dd2fde7bff79c51,0.4276621740480788,backtest
http://ufcstats.com/fight-details/202c47db69768356,0.41340241020253055,backtest
http://ufcstats.com/fight-details/114d2f6fcd3f6f00,0.3128384045275755,backtest
http://ufcstats.com/fight-details/7cbfeba85f86d1bf,0.5238367824692363,backtest
http://ufcstats.com/fight-details/944b929130b23c2a,0.4758401686994701,backtest
http://ufcstats.com/fight-details/de1a3734be60e6a1,0.6258676156660214,backtest
http://ufcstats.com/fight-details/8a884a7930d75ca9,0.3157207995372018,backtest
http://ufcstats.com/fight-details/e35f7504d83b8b07,0.37068458990346953,backtest
http://ufcstats.com/fight-details/140937779a2466a7,0.5424908180096911,backtest
http://ufcstats.com/fight-details/44cd8c9f622e155f,0.6377905185660921,backtest
http://ufcstats.com/fight-details/81127436605d3c88,0.4295624997568034,backtest
http://ufcstats.com/fight-details/e2dc4fb7b5c0ce76,0.4404566852079824,backtest
http://ufcstats.com/fight-details/93a0a19c2c1cfe66,0.6281197320492493,backtest
http://ufcstats.com/fight-details/8abad36b4c5e4070,0.5654536827862771,backtest
http://ufcstats.com/fight-details/1ff24d5f760e0491,0.6076468955130006,backtest
http://ufcstats.com/fight-details/38248c5d13f273e6,0.43229299045609326,backtest
http://ufcstats.com/fight-details/f5fb8b182020c59d,0.22210861882794208,backtest
http://ufcstats.com/fight-details/a3ee907c77544cde,0.4299340468291082,backtest
http://ufcstats.com/fight-details/dc31d3260dea7dcf,0.3388532310420822,backtest
http://ufcstats.com/fight-details/1c7cc3a22ab7d907,0.35883594676241004,backtest
http://ufcstats.com/fight-details/98883348ddb3be33,0.19962167686191812,backtest
http://ufcstats.com/fight-details/b98bc1ecb94ef4a5,0.6917778372663668,backtest
http://ufcstats.com/fight-details/e53fd165a3bc1f8e,0.41660173923570387,backtest
http://ufcstats.com/fight-details/8353b491afa7bc32,0.6016526774275538,backtest
http://ufcstats.com/fight-details/a951090fb402fd20,0.27267314246707863,backtest
http://ufcstats.com/fight-details/b09ecdc8ef0f0d20,0.4802464191921013,backtest
http://ufcstats.com/fight-details/0de1ef0b9f3a79c0,0.7163362182308832,backtest
http://ufcstats.com/fight-details/9418ebb3db2a4bae,0.21574061495697072,backtest
http://ufcstats.com/fight-details/d006dd2513bd376d,0.3946000325476595,backtest
http://ufcstats.com/fight-details/84ebd144d5e79c88,0.15078990683991977,backtest
http://ufcstats.com/fight-details/2560ea97b2cce4ef,0.2778674814083615,backtest
http://ufcstats.com/fight-details/a8511df8285f5c91,0.3186390795532573,backtest
http://ufcstats.com/fight-details/7b34aa1eb09b8301,0.3967240063292157,backtest
http://ufcstats.com/fight-details/c547b3e95bcc5f24,0.3745129770420761,backtest
http://ufcstats.com/fight-details/434abaea90ccd299,0.6487667442556603,backtest
http://ufcstats.com/fight-details/546f971f9d8e0a33,0.5223892528027928,backtest
http://ufcstats.com/fight-details/a815dafc89adf33b,0.41406319669475,backtest
http://ufcstats.com/fight-details/766b0b26c40525de,0.5993467433028608,backtest
http://ufcstats.com/fight-details/0f9e7d0d04e24b74,0.36226423943419417,backtest
http://ufcstats.com/fight-details/2aef1a91d26dde42,0.6935767638059205,backtest
http://ufcstats.com/fight-details/03377f7bf8a2d5ff,0.5041013817078791,backtest
http://ufcstats.com/fight-details/6188b7fb3f8daacc,0.38602041333008286,backtest
http://ufcstats.com/fight-details/f295eb2a7b0ba4b7,0.7944513367612002,backtest
http://ufcstats.com/fight-details/79865287be90e4be,0.7350436388690877,backtest
http://ufcstats.com/fight-details/cff0abc02974fb4a,0.37094830624070696,backtest
http://ufcstats.com/fight-details/dec301fd5e99ca46,0.5392689953233941,backtest
http://ufcstats.com/fight-details/87ac0e5face106b4,0.7027254426153673,backtest
http://ufcstats.com/fight-details/8d9458121f0c4b95,0.410763095542532,backtest
http://ufcstats.com/fight-details/096e00355c8c84ac,0.7299375581794808,backtest
http://ufcstats.com/fight-details/668a44403a130043,0.6866819127388684,backtest
http://ufcstats.com/fight-details/970f083af8368f57,0.39691095199760307,backtest
http://ufcstats.com/fight-details/3af1bdc5a510bba9,0.5322252498307378,backtest
http://ufcstats.com/fight-details/a18edcb638ba7e39,0.4000395011744041,backtest
http://ufcstats.com/fight-details/c82acd7b17915591,0.407620981573935,backtest
http://ufcstats.com/fight-details/857d274e47aa8c4e,0.49430680588835807,backtest
http://ufcstats.com/fight-details/cdd565a16975c711,0.5128136716596754,backtest
http://ufcstats.com/fight-details/d61373d9fdf01a12,0.6501850987141156,backtest
http://ufcstats.com/fight-details/ecdbb3a5216b815e,0.2562285910121227,backtest
http://ufcstats.com/fight-details/bd7394f07247d9ca,0.7140191388968102,backtest
http://ufcstats.com/fight-details/ef1519c8c1d20977,0.8459504654112839,backtest
http://ufcstats.com/fight-details/22dd728012944f0a,0.5085904460069428,backtest
http://ufcstats.com/fight-details/3fdb4c4b39218cf4,0.2492004634544398,backtest
http://ufcstats.com/fight-details/f2c2a49fed32bd75,0.24094353448892902,backtest
http://ufcstats.com/fight-details/e9c034cec33b3479,0.3871063077191925,backtest
http://ufcstats.com/fight-details/cb902d73389ed34b,0.2920814822359161,backtest
http://ufcstats.com/fight-details/ef12d2aaaadaf6d0,0.49134071858836237,backtest
http://ufcstats.com/fight-details/b42a3386a7dccb3d,0.6253443930842177,backtest
http://ufcstats.com/fight-details/e69f9b4b9cae12a4,0.3213263926970621,backtest
http://ufcstats.com/fight-details/7d3da3c4153717de,0.6178482398929652,backtest
http://ufcstats.com/fight-details/0230a9dd2739add4,0.4192979690853287,backtest
http://ufcstats.com/fight-details/7add5901fac6ab82,0.42199751332020985,backtest
http://ufcstats.com/fight-details/e6031b5937294176,0.28036561011023453,backtest
http://ufcstats.com/fight-details/760150e9951e65fa,0.3558571848322315,backtest
http://ufcstats.com/fight-details/c245be6698c1e378,0.4651643523695287,backtest
http://ufcstats.com/fight-details/58f6248da3cdf3ce,0.5381891717803113,backtest
http://ufcstats.com/fight-details/f063bcccbbb9edc5,0.45046618634708013,backtest
http://ufcstats.com/fight-details/32927d50acedb507,0.32738981681879953,backtest
http://ufcstats.com/fight-details/71c8ca7442bcb757,0.27998837066196625,backtest
http://ufcstats.com/fight-details/767b78b67c7da17c,0.49184681139759223,backtest
http://ufcstats.com/fight-details/b0f68344e01884ff,0.6197128586657263,backtest
http://ufcstats.com/fight-details/9d9390b550d77e06,0.385706032346543,backtest
http://ufcstats.com/fight-details/747d922b329b7f30,0.38890591956887,backtest
http://ufcstats.com/fight-details/f41c2c82d5117230,0.29885094117092426,backtest
http://ufcstats.com/fight-details/84b66bf7fba2d59d,0.5091608489723327,backtest
http://ufcstats.com/fight-details/238c274c90587e21,0.3731613334664744,backtest
http://ufcstats.com/fight-details/9126633d921afb57,0.3176714159741726,backtest
http://ufcstats.com/fight-details/87dcb3eab20f6ac1,0.45589838644058034,backtest
http://ufcstats.com/fight-details/80eae31bc0a94a65,0.21910580652327794,backtest
http://ufcstats.com/fight-details/c6d56aad93f98249,0.5361841920369443,backtest
http://ufcstats.com/fight-details/20971ed9a842b0cb,0.4382874456270639,backtest
http://ufcstats.com/fight-details/ac4343150638b635,0.49991614303181775,backtest
http://ufcstats.com/fight-details/b23fa678cc65cf5b,0.500049209916581,backtest
http://ufcstats.com/fight-details/f7e9bd2d6f81aeae,0.4285403851719759,backtest
http://ufcstats.com/fight-details/4e224ebb6394611d,0.3458415865093617,backtest
http://ufcstats.com/fight-details/e3d657dd88864ba7,0.6084755597530447,backtest
http://ufcstats.com/fight-details/9bbdc2a2ab334541,0.4450195173573046,backtest
http://ufcstats.com/fight-details/e3cbd663732f4a98,0.6046129822581094,backtest
http://ufcstats.com/fight-details/e313286b307334a7,0.6792112410260227,backtest
http://ufcstats.com/fight-details/c037cf1f7b429d5e,0.14602367294831942,backtest
http://ufcstats.com/fight-details/1a5378e32e8519ef,0.24730646504385678,backtest
http://ufcstats.com/fight-details/6c2c6a6e3f4d04db,0.16040988473086926,backtest
http://ufcstats.com/fight-details/909cd8633507a0c8,0.22970631958735288,backtest
http://ufcstats.com/fight-details/856f6ee049373843,0.22637877150647734,backtest
http://ufcstats.com/fight-details/292b83afa418635f,0.3099311013172128,backtest
http://ufcstats.com/fight-details/9b5f190cd3f5ce16,0.3535028291944131,backtest
http://ufcstats.com/fight-details/3c60884853766487,0.5407434094022185,backtest
http://ufcstats.com/fight-details/477af74ea3cbba8b,0.37288609597618605,backtest
http://ufcstats.com/fight-details/7606f6b6c19f2d73,0.5682933327118447,backtest
http://ufcstats.com/fight-details/ebb012c5f3fd0cbb,0.3396325109834335,backtest
http://ufcstats.com/fight-details/9027e156c6f1988a,0.5360340089203689,backtest
http://ufcstats.com/fight-details/46f81d5ecd974c1c,0.23672011821603733,backtest
http://ufcstats.com/fight-details/335064c3380e2f10,0.43697015387336924,backtest
http://ufcstats.com/fight-details/6f0231915cc28507,0.40649794863127364,backtest
http://ufcstats.com/fight-details/f5564a9eeebd4ea0,0.21911286588280432,backtest
http://ufcstats.com/fight-details/443f30a4a856584a,0.3297175179230417,backtest
http://ufcstats.com/fight-details/c49485cedb878cf0,0.477633454875251,backtest
http://ufcstats.com/fight-details/5e6a74db89f5410c,0.49390215969851237,backtest
http://ufcstats.com/fight-details/00ee51bba08b7a08,0.7212564725375773,backtest
http://ufcstats.com/fight-details/e8307c7686c42d8c,0.39147616526473816,backtest
http://ufcstats.com/fight-details/8ed609d80e135d94,0.3199760658078573,backtest
http://ufcstats.com/fight-details/870d374f8d9af65a,0.3767337534356654,backtest
http://ufcstats.com/fight-details/b2218930b982d9b6,0.24757046657661008,backtest
http://ufcstats.com/fight-details/5f5b626e67529056,0.22329903194854084,backtest
http://ufcstats.com/fight-details/964ea1777695851b,0.13136498174922906,backtest
http://ufcstats.com/fight-details/40fa4f8b4b93884e,0.2957869955579956,backtest
http://ufcstats.com/fight-details/7af407397532f7cf,0.31090229288951565,backtest
http://ufcstats.com/fight-details/3c683da1924b6c44,0.6019777942205473,backtest
http://ufcstats.com/fight-details/10a57b983e59f727,0.28749215114700155,backtest
http://ufcstats.com/fight-details/2417cc7bc1eea75b,0.25946700943458434,backtest
http://ufcstats.com/fight-details/ea660db65bfa998f,0.4865613858251093,backtest
http://ufcstats.com/fight-details/c797b58d85c840a4,0.6822774198129244,backtest
http://ufcstats.com/fight-details/1dc29f4c6fcdd356,0.2985670147287678,backtest
http://ufcstats.com/fight-details/fbbb9e72900b71f5,0.48369159330632705,backtest
http://ufcstats.com/fight-details/dfa692db6d39330c,0.4091716081298977,backtest
http://ufcstats.com/fight-details/4a0db214d9721d6e,0.7714392250234909,backtest
http://ufcstats.com/fight-details/b3d2ac2244e4f791,0.6944271878122719,backtest
http://ufcstats.com/fight-details/ac56a1052c4c8f63,0.5635156424669652,backtest
http://ufcstats.com/fight-details/ceb5b0f1f6daddf6,0.2826440817083611,backtest
http://ufcstats.com/fight-details/a2523a8565fe4361,0.2753256885539027,backtest
http://ufcstats.com/fight-details/225e93ebed9b71b8,0.41316194577231913,backtest
http://ufcstats.com/fight-details/0fca825e14429c1f,0.6719058515842156,backtest
http://ufcstats.com/fight-details/71170fb7ade3e1f4,0.7217435200251663,backtest
http://ufcstats.com/fight-details/93ca562453f65b8d,0.3587367177591403,backtest
http://ufcstats.com/fight-details/d000cb692343cdcd,0.4859487698424956,backtest
http://ufcstats.com/fight-details/24bb03f0a3415fbe,0.42012493467345235,backtest
http://ufcstats.com/fight-details/a5a81a39ccf9b680,0.2913850808886017,backtest
http://ufcstats.com/fight-details/fc4ab243d21b795d,0.5237820822510669,backtest
http://ufcstats.com/fight-details/210fc45074fba464,0.30606068085749993,backtest
http://ufcstats.com/fight-details/abfb3ed6dcb0e1f0,0.4020912262434614,backtest
http://ufcstats.com/fight-details/b5aafe149bec4306,0.5622466492447775,backtest
http://ufcstats.com/fight-details/780cab0cd07589e4,0.48056117030443257,backtest
http://ufcstats.com/fight-details/33be2456161c14c3,0.21758270310924133,backtest
http://ufcstats.com/fight-details/6c9f4799990c3c33,0.2383112768619715,backtest
http://ufcstats.com/fight-details/d63c9aa4f4873001,0.3758608395279047,backtest
http://ufcstats.com/fight-details/d93ee3860196c4ae,0.29965885124492453,backtest
http://ufcstats.com/fight-details/007e8e0d4a39d82c,0.45434571687464986,backtest
http://ufcstats.com/fight-details/fa4b3f5ce8055921,0.6828357454601242,backtest
http://ufcstats.com/fight-details/836a188a90e479a5,0.48255341108089145,backtest
http://ufcstats.com/fight-details/78912b78aa946375,0.4473534186272776,backtest
http://ufcstats.com/fight-details/5c73e0013b859664,0.6826250036506566,backtest
http://ufcstats.com/fight-details/780bae82bdfc7112,0.37936153391516736,backtest
http://ufcstats.com/fight-details/ad14c502c9c5a7e9,0.3834424524758566,backtest
http://ufcstats.com/fight-details/4c1e7e1765a5438a,0.5382633824442312,backtest
http://ufcstats.com/fight-details/0047f8aadca1936f,0.5696646963226615,backtest
http://ufcstats.com/fight-details/b06b43670238c2d8,0.3664579318388488,backtest
http://ufcstats.com/fight-details/d94f1b32a81e3fa1,0.2738719465863704,backtest
http://ufcstats.com/fight-details/32e9bc4d0a19a923,0.1782825048472909,backtest
http://ufcstats.com/fight-details/67765535bd0b6bdf,0.26500780517108047,backtest
http://ufcstats.com/fight-details/57d7a683b85bb87b,0.4748248962234376,backtest
http://ufcstats.com/fight-details/a7ae8f6eb5fc3a79,0.21595898245034195,backtest
http://ufcstats.com/fight-details/47362cae6ba0e077,0.27128807709932823,backtest
http://ufcstats.com/fight-details/2bbfbb234c255249,0.188372365656289,backtest
http://ufcstats.com/fight-details/9d30c887e8bd8824,0.5360705719929015,backtest
http://ufcstats.com/fight-details/84e8ccc3c97c2b4c,0.5500302836215851,backtest
http://ufcstats.com/fight-details/86df0e75f41784d8,0.4048838880664095,backtest
http://ufcstats.com/fight-details/cc5c5a8cff4c1ae9,0.5199186459582152,backtest
http://ufcstats.com/fight-details/abefaf1807941ee4,0.538609200554002,backtest
http://ufcstats.com/fight-details/f964d2dda87f25f0,0.11252060018617482,backtest
http://ufcstats.com/fight-details/6cca11f353a2b42d,0.5999549298855992,backtest
http://ufcstats.com/fight-details/2a26c0cfa06265b7,0.23835598727842544,backtest
http://ufcstats.com/fight-details/8fea32ab0445859c,0.17896138413970075,backtest
http://ufcstats.com/fight-details/a5c5f76cf0a7c784,0.7389887405654327,backtest
http://ufcstats.com/fight-details/dbbf8334a2600895,0.47861612794845276,backtest
http://ufcstats.com/fight-details/fb4b1754d510b0d0,0.7092256307907908,backtest
http://ufcstats.com/fight-details/5b97f47cdd355cbe,0.7199848955561087,backtest
http://ufcstats.com/fight-details/508e622130b0a84d,0.5052374536091218,backtest
http://ufcstats.com/fight-details/8f9896e60047007f,0.4102527637838931,backtest
http://ufcstats.com/fight-details/fd56a469e4589ebc,0.3130308380466772,backtest
http://ufcstats.com/fight-details/ac39c1f00ae31e58,0.11763647026552226,backtest
http://ufcstats.com/fight-details/202d3277e569ad03,0.5026468624411664,backtest
http://ufcstats.com/fight-details/6e78d874097a3d22,0.26419943296566584,backtest
http://ufcstats.com/fight-details/54437b8dba3a6110,0.3558951367734936,backtest
http://ufcstats.com/fight-details/04b7bcc0e8488604,0.2905083099940998,backtest
http://ufcstats.com/fight-details/dc6f6c8228390ebb,0.24071515527506582,backtest
http://ufcstats.com/fight-details/dd12bf51c5ed7f1e,0.38697561573325023,backtest
http://ufcstats.com/fight-details/8d740c844353ae0e,0.8452248514404135,backtest
http://ufcstats.com/fight-details/372d1dee0db8dbee,0.5064912246100144,backtest
http://ufcstats.com/fight-details/581292ffe5b09344,0.2530049648134882,backtest
http://ufcstats.com/fight-details/44d58943ac8e47e1,0.4302628419333495,backtest
http://ufcstats.com/fight-details/6154ee95d3f4fc32,0.4549156413361136,backtest
http://ufcstats.com/fight-details/25ab195cefbce1d0,0.101211915968213,backtest
http://ufcstats.com/fight-details/c40b934d2666e351,0.258431623321436,backtest
http://ufcstats.com/fight-details/45ec0c5f19c9adbe,0.26831797365133625,backtest
http://ufcstats.com/fight-details/c6a85b67fdd2ef3d,0.39698231859163957,backtest
http://ufcstats.com/fight-details/15068d7b095ca9bd,0.3417789467868425,backtest
http://ufcstats.com/fight-details/7df505d8260ba680,0.4096569262040063,backtest
http://ufcstats.com/fight-details/81f3d28d30d17378,0.5624656536485317,backtest
http://ufcstats.com/fight-details/36d12b31957e94db,0.27627401395491846,backtest
http://ufcstats.com/fight-details/1330b5c21269fe92,0.6800088088856776,backtest
http://ufcstats.com/fight-details/3b76a00f5d0400eb,0.10270750315200439,backtest
http://ufcstats.com/fight-details/a5abdc461cb1538e,0.4235622382339139,backtest
http://ufcstats.com/fight-details/cc03e698c4b7da52,0.7258007620819251,backtest
http://ufcstats.com/fight-details/a22fd3735819d858,0.39053482825939345,backtest
http://ufcstats.com/fight-details/f661ef429055f8c1,0.31397357999636333,backtest
http://ufcstats.com/fight-details/6feb49a6b7e8433c,0.363994051103283,backtest
http://ufcstats.com/fight-details/9c8d5dbd8905a715,0.1489906120472485,backtest
http://ufcstats.com/fight-details/6a4738656c493ee9,0.3737091410057898,backtest
http://ufcstats.com/fight-details/f02c0adc4ae629c6,0.5154982889124968,backtest
http://ufcstats.com/fight-details/bed89a91da9d04c1,0.2554897101847957,backtest
http://ufcstats.com/fight-details/d564db29997e1371,0.43293863758367246,backtest
http://ufcstats.com/fight-details/f030febede41c661,0.6445649408789803,backtest
http://ufcstats.com/fight-details/ecd16d14a138d7fb,0.4501707398185324,backtest
http://ufcstats.com/fight-details/244285b7fd0ddece,0.5085764748059611,backtest
http://ufcstats.com/fight-details/32d371462c539bee,0.41584199992098947,backtest
http://ufcstats.com/fight-details/8cab057e6549afd0,0.21411259791458326,backtest
http://ufcstats.com/fight-details/cff81d681a01ae18,0.43274285579221716,backtest
http://ufcstats.com/fight-details/c769dd861357af9f,0.46438801633429283,backtest
http://ufcstats.com/fight-details/f44b4e998b6829f6,0.3641818712250465,backtest
http://ufcstats.com/fight-details/2c330a6f7f1e55f0,0.48823959876733114,backtest
http://ufcstats.com/fight-details/fc9168fd102e2e66,0.5238243271275451,backtest
http://ufcstats.com/fight-details/db7694f4513120d5,0.815337995292384,backtest
http://ufcstats.com/fight-details/e0acd0cf4930671b,0.3588067560240964,backtest
http://ufcstats.com/fight-details/8bee5192baec71d8,0.2139485808594268,backtest
http://ufcstats.com/fight-details/3b7b771b9578383d,0.22599443368437533,backtest
http://ufcstats.com/fight-details/f594fc5c2bc6237e,0.13683378995016993,backtest
http://ufcstats.com/fight-details/f26c0bdf7689aea2,0.22654948049488732,backtest
http://ufcstats.com/fight-details/216bc9b661485017,0.30854312167223397,backtest
http://ufcstats.com/fight-details/bbe0f3653de9f6a8,0.5508017390480551,backtest
http://ufcstats.com/fight-details/bfd17ed83ec5b598,0.25764346421181894,backtest
http://ufcstats.com/fight-details/8817bd21b6d0a989,0.22843485969717614,backtest
http://ufcstats.com/fight-details/90187edeeda7e6d6,0.3464311730903846,backtest
http://ufcstats.com/fight-details/3b9f50f07d9a1601,0.30539332795414975,backtest
http://ufcstats.com/fight-details/4e58bcc0d27042fd,0.578372366821043,backtest
http://ufcstats.com/fight-details/562d916f55918901,0.2289580649721198,backtest
http://ufcstats.com/fight-details/43e26b46cbb51985,0.36150601759017487,backtest
http://ufcstats.com/fight-details/5ee11b727e89e8ad,0.5763189435226941,backtest
http://ufcstats.com/fight-details/fa534aaa5b997a69,0.433537771883334,backtest
http://ufcstats.com/fight-details/346e3897c2ead99a,0.46821130898171837,backtest
http://ufcstats.com/fight-details/3ee578ddd071ad4c,0.6443386034707423,backtest
http://ufcstats.com/fight-details/689384b01b40ef5c,0.7751353750552561,backtest
http://ufcstats.com/fight-details/796e1151896195aa,0.1902160754052351,backtest
http://ufcstats.com/fight-details/1c50e43770ba84fc,0.24682256973882333,backtest
http://ufcstats.com/fight-details/08d4e3864c44f8a5,0.6036930416919618,backtest
http://ufcstats.com/fight-details/fa96d6252579b51e,0.784401707937399,backtest
http://ufcstats.com/fight-details/dbf1ee1a1912c735,0.33296777977976455,backtest
http://ufcstats.com/fight-details/e32dc26b11d1f81d,0.4983203358433653,backtest
http://ufcstats.com/fight-details/f9f5071b993a5f4b,0.4786476363843938,backtest
http://ufcstats.com/fight-details/6102e7a6dcbc62f0,0.14681525790456473,backtest
http://ufcstats.com/fight-details/9a0ecee6e8ca173f,0.7913190216872471,backtest
http://ufcstats.com/fight-details/85e94a6c071fd9fa,0.42480996425719686,backtest
http://ufcstats.com/fight-details/a76e14495e61cf19,0.49434384138250576,backtest
http://ufcstats.com/fight-details/a5a749aa0061fdb4,0.6820237396949492,backtest
http://ufcstats.com/fight-details/e284a194fb4648a9,0.7204709854252187,backtest
http://ufcstats.com/fight-details/74bb036ef0493bf7,0.24211169486912354,backtest
http://ufcstats.com/fight-details/9c9c26679701b84d,0.6389512106956057,backtest
http://ufcstats.com/fight-details/af2a9d47ca8115e4,0.31927680527356317,backtest
http://ufcstats.com/fight-details/0760bc02280574dd,0.5359731947721573,backtest
http://ufcstats.com/fight-details/caf13346cbcfdb03,0.6352017673166059,backtest
http://ufcstats.com/fight-details/c27bec45d5a29a2c,0.31434898586186266,backtest
http://ufcstats.com/fight-details/fef80c98b2fba70c,0.5857182514319568,backtest
http://ufcstats.com/fight-details/ad487d1c6141d90a,0.1257113999109274,backtest
http://ufcstats.com/fight-details/721642e7de112e9e,0.5082702646928303,backtest
http://ufcstats.com/fight-details/d69bd8e53ec858dc,0.4378353444854651,backtest
http://ufcstats.com/fight-details/7924f10aac3543de,0.5486359369564653,backtest
http://ufcstats.com/fight-details/5b49c3d36907c6df,0.4598015672123691,backtest
http://ufcstats.com/fight-details/20868a67bea63129,0.45227372144864,backtest
http://ufcstats.com/fight-details/f506977877074aa6,0.2618266879907123,backtest
http://ufcstats.com/fight-details/62b5ce408c150fa8,0.27506728005542447,backtest
http://ufcstats.com/fight-details/b4e16fb13153efdc,0.5116914598538624,backtest
http://ufcstats.com/fight-details/60949f33201415ca,0.338759881318755,backtest
http://ufcstats.com/fight-details/c4d060cff018979a,0.3619298534155314,backtest
http://ufcstats.com/fight-details/903552edaba48f4a,0.44254433073752564,backtest
http://ufcstats.com/fight-details/aade9d76ac6c6aef,0.7302770906344438,backtest
http://ufcstats.com/fight-details/a031f062b7ffefee,0.4061269608024528,backtest
http://ufcstats.com/fight-details/10ab34056720b6b4,0.3229025728732545,backtest
http://ufcstats.com/fight-details/85c7a0f44aa3e10a,0.6013101947006962,backtest
http://ufcstats.com/fight-details/32087c183dffcae0,0.5244263811580321,backtest
http://ufcstats.com/fight-details/0b6c13ab8ad7f82b,0.47918713036347527,backtest
http://ufcstats.com/fight-details/bae4de7ef8c0769e,0.5311286327745606,backtest
http://ufcstats.com/fight-details/9fab4b0ad082f670,0.62058185780827,backtest
http://ufcstats.com/fight-details/32054bf2b36b0e47,0.2323603589344635,backtest
http://ufcstats.com/fight-details/a661c0bee7c8d5af,0.3743448510275753,backtest
http://ufcstats.com/fight-details/5a209522211d7530,0.45163666715537387,backtest
http://ufcstats.com/fight-details/e644218737c1a778,0.5581217858763705,backtest
http://ufcstats.com/fight-details/b5299e5b946015e5,0.4990872195080931,backtest
http://ufcstats.com/fight-details/678440bd8274a18e,0.3470715612988253,backtest
http://ufcstats.com/fight-details/0df4f4ac27cf2d26,0.5187183911788531,backtest
http://ufcstats.com/fight-details/2e7f8d0ad385876d,0.39761239161405626,backtest
http://ufcstats.com/fight-details/c7fb90f1355291e4,0.587122756078982,backtest
http://ufcstats.com/fight-details/d421f3cd158fd055,0.756876716359479,backtest
http://ufcstats.com/fight-details/dcfd594b68ff5ae1,0.2995815343625067,backtest
http://ufcstats.com/fight-details/ef1cd6371a3f18e0,0.37055429852589294,backtest
http://ufcstats.com/fight-details/67f24cf244134661,0.7142852555563177,backtest
http://ufcstats.com/fight-details/7e551ddb1494a45f,0.43252996021486845,backtest
http://ufcstats.com/fight-details/348de8e364ecf041,0.7139659796587895,backtest
http://ufcstats.com/fight-details/f5aff2f858311fbc,0.6454777927174987,backtest
http://ufcstats.com/fight-details/84951374e4cdc679,0.5082275596393292,backtest
http://ufcstats.com/fight-details/cb745968bd16bf56,0.5050383481408396,backtest
http://ufcstats.com/fight-details/f524e42c36028de0,0.5224777873836128,backtest
http://ufcstats.com/fight-details/610a640a0cd81ce5,0.8538907498773491,backtest
http://ufcstats.com/fight-details/7ac4ae301ed699ab,0.38195818815087035,backtest
http://ufcstats.com/fight-details/827c64369b374989,0.4444778290822776,backtest
http://ufcstats.com/fight-details/00bde62cac38e5e9,0.23507568616253693,backtest
http://ufcstats.com/fight-details/edff38661bf2866b,0.121213055761216,backtest
http://ufcstats.com/fight-details/1cb0711cd49dd95e,0.4629882047553715,backtest
http://ufcstats.com/fight-details/eb6d9fef6c374830,0.6105059512955369,backtest
http://ufcstats.com/fight-details/2afaa97901d5587c,0.584742720094221,backtest
http://ufcstats.com/fight-details/a564219e7a964aa6,0.29352028853411116,backtest
http://ufcstats.com/fight-details/cfc884a249141cba,0.3659505385137307,backtest
http://ufcstats.com/fight-details/afec383a96893ec5,0.28986422497566533,backtest
http://ufcstats.com/fight-details/5c7c38dece435cde,0.21356488350110903,backtest
http://ufcstats.com/fight-details/46181797eb543a0b,0.19807568025353783,backtest
http://ufcstats.com/fight-details/e50857173607d631,0.6381660576751949,backtest
http://ufcstats.com/fight-details/e92d89cb2d69235e,0.43203604593200473,backtest
http://ufcstats.com/fight-details/1f5d0b106385b2ac,0.14266910926135157,backtest
http://ufcstats.com/fight-details/303018d7459323b4,0.5078007999727532,backtest
http://ufcstats.com/fight-details/9d35723a53749931,0.6446510933695525,backtest
http://ufcstats.com/fight-details/ffcb47e17eebe6a6,0.2141386103178886,backtest
http://ufcstats.com/fight-details/70f1621080b3435c,0.8254967283153836,backtest
http://ufcstats.com/fight-details/770c5302e32916ea,0.15009640962186988,backtest
http://ufcstats.com/fight-details/1158a27a1a04b971,0.13352080339730488,backtest
http://ufcstats.com/fight-details/845b8653f9cf839c,0.3278719790841075,backtest
http://ufcstats.com/fight-details/22ba4f1b0aafbf82,0.35253857948349643,backtest
http://ufcstats.com/fight-details/c85b530861145935,0.5038778166425733,backtest
http://ufcstats.com/fight-details/f88dc6e0c29cff1d,0.3824650655322914,backtest
http://ufcstats.com/fight-details/39417b7d07c2fd83,0.5624821380188068,backtest
http://ufcstats.com/fight-details/b482d4452e4d0eee,0.4061781009728581,backtest
http://ufcstats.com/fight-details/b98ead4eff6bf872,0.3237838913284634,backtest
http://ufcstats.com/fight-details/48cb604345f11766,0.7726900721665498,backtest
http://ufcstats.com/fight-details/5f7111b982bcf6e3,0.824797772240493,backtest
http://ufcstats.com/fight-details/c9e0aa88afb81dab,0.6538729012561717,backtest
http://ufcstats.com/fight-details/6242cda790f2085d,0.5651293614051286,backtest
http://ufcstats.com/fight-details/a6ec8573a9d38c51,0.5825507028993036,backtest
http://ufcstats.com/fight-details/57bd683efc797fc1,0.4787139124368376,backtest
http://ufcstats.com/fight-details/ecb7ff543dd41bf8,0.5409598179038283,backtest
http://ufcstats.com/fight-details/fc1266e2892ed111,0.6362957242268905,backtest
http://ufcstats.com/fight-details/e4aa608124896794,0.6031617329439173,backtest
http://ufcstats.com/fight-details/ec32745308e2b055,0.32176037954969305,backtest
http://ufcstats.com/fight-details/3bc0190fb17ba42f,0.31813134162240264,backtest
http://ufcstats.com/fight-details/370ff29489150560,0.3263549727762879,backtest
http://ufcstats.com/fight-details/34d5ec676fb5bce3,0.5346586268992986,backtest
http://ufcstats.com/fight-details/3f719885c9916e06,0.5949036113046668,backtest
http://ufcstats.com/fight-details/224dce2c0b03e7eb,0.2512893057874537,backtest
http://ufcstats.com/fight-details/bc0b3c16246e0d1d,0.32310124669985896,backtest
http://ufcstats.com/fight-details/f74e4afdf6ae29d1,0.3855158240635216,backtest
http://ufcstats.com/fight-details/c1c9dfd0c0952f18,0.26150640126969094,backtest
http://ufcstats.com/fight-details/00959e29e4a10e26,0.5658205831672078,backtest
http://ufcstats.com/fight-details/f6d09973de0f83e7,0.5977251668347858,backtest
http://ufcstats.com/fight-details/a23d84f15207e459,0.7704283760662652,backtest
http://ufcstats.com/fight-details/423f32dd018ac218,0.19655272134425694,backtest
http://ufcstats.com/fight-details/b0474597b2c60482,0.27338377426068505,backtest
http://ufcstats.com/fight-details/a6b211d8dab5edec,0.34776593869963723,backtest
http://ufcstats.com/fight-details/98e77712f99956ff,0.26526327096334734,backtest
http://ufcstats.com/fight-details/20d74ed23d3e9b3a,0.44790799798863623,backtest
http://ufcstats.com/fight-details/90940d93d6e0998f,0.510993091949266,backtest
http://ufcstats.com/fight-details/44cfbb8c3c356c65,0.5510439525839423,backtest
http://ufcstats.com/fight-details/bfe4950b3de83e9c,0.4333965727078184,backtest
http://ufcstats.com/fight-details/c47796e11a801e12,0.6941069521007603,backtest
http://ufcstats.com/fight-details/58ffa2dac4f2e7d0,0.7298765474241586,backtest
http://ufcstats.com/fight-details/419fff06f338f5c6,0.42963704614596065,backtest
http://ufcstats.com/fight-details/5c69b019e6deee41,0.26458321510847793,backtest
http://ufcstats.com/fight-details/5d2eedd05081ed23,0.2424665537204166,backtest
http://ufcstats.com/fight-details/127ba4a1ccb3d4a6,0.5672636579170813,backtest
http://ufcstats.com/fight-details/00e8d4b961a65d21,0.22231863216146064,backtest
http://ufcstats.com/fight-details/9a9b30b3165b62e4,0.15874069039459948,backtest
http://ufcstats.com/fight-details/30cdb851f6c63444,0.2313617623413503,backtest
http://ufcstats.com/fight-details/5727d5be8c373346,0.4623166566005562,backtest
http://ufcstats.com/fight-details/7208e40818401e88,0.8045486580000833,backtest
http://ufcstats.com/fight-details/60de0423ae6ed097,0.2274142173928978,backtest
http://ufcstats.com/fight-details/3b4803afa824fea3,0.6215104312241744,backtest
http://ufcstats.com/fight-details/b23a1a5d35eb438a,0.20373200651842605,backtest
http://ufcstats.com/fight-details/6658fe4531c86674,0.4991349295057169,backtest
http://ufcstats.com/fight-details/8b809ba1880aded0,0.6789319213416027,backtest
http://ufcstats.com/fight-details/9efa4de316b8bf43,0.4718508035015144,backtest
http://ufcstats.com/fight-details/c0980a613f24accd,0.17263820817846676,backtest
http://ufcstats.com/fight-details/e4849375d1949c74,0.4426059861074104,backtest
http://ufcstats.com/fight-details/571a3eabff5c7ba7,0.15529555495980096,backtest
http://ufcstats.com/fight-details/aaec28fa3c0c576d,0.35433989739771454,backtest
http://ufcstats.com/fight-details/afc021700481ac4e,0.3265777967332879,backtest
http://ufcstats.com/fight-details/33afdd7ad43a2756,0.4610572816195547,backtest
http://ufcstats.com/fight-details/17d31249c9ab18af,0.825583012080976,backtest
http://ufcstats.com/fight-details/f1cb2e7ef096ec7c,0.5215397678594447,backtest
http://ufcstats.com/fight-details/ae0a91c8f92f4758,0.18206477952850664,backtest
http://ufcstats.com/fight-details/0e60ab32f3d03929,0.3342170661574906,backtest
http://ufcstats.com/fight-details/1a7119f3996b5635,0.726207833793366,backtest
http://ufcstats.com/fight-details/5e7f4ba1210f433d,0.5242266410998762,backtest
http://ufcstats.com/fight-details/48b1ee7ab45add4c,0.23155191983429158,backtest
http://ufcstats.com/fight-details/6a35ff33b8597904,0.4829788572230802,backtest
http://ufcstats.com/fight-details/d83294b031502177,0.27216755423921724,backtest
http://ufcstats.com/fight-details/81cde317c156723b,0.24783624011659977,backtest
http://ufcstats.com/fight-details/809814f03ff3140c,0.4976409188759162,backtest
http://ufcstats.com/fight-details/012c307c9d446c4d,0.39917731184115457,backtest
http://ufcstats.com/fight-details/c13dc0cccef263f7,0.716763761961265,backtest
http://ufcstats.com/fight-details/35985895d4ef321e,0.5447962147708956,backtest
http://ufcstats.com/fight-details/930317fde9dbc55e,0.2890850450723018,backtest
http://ufcstats.com/fight-details/1162a74e3604c488,0.3792204822325186,backtest
http://ufcstats.com/fight-details/9e00ee7644774e18,0.23998120927982614,backtest
http://ufcstats.com/fight-details/b223b10ef19f912c,0.17105266715290457,backtest
http://ufcstats.com/fight-details/e84c3f1f9a33fa90,0.4841632522612893,backtest
http://ufcstats.com/fight-details/e9f389ba3a1e33c4,0.5734137316537058,backtest
http://ufcstats.com/fight-details/1b6a3b0d27654d3e,0.3881486895431727,backtest
http://ufcstats.com/fight-details/7765e5e779dd7dc9,0.47877495089425504,backtest
http://ufcstats.com/fight-details/a26ea74f2e908842,0.5389017774648426,backtest
http://ufcstats.com/fight-details/a3ab1979192b647c,0.6982159197302962,backtest
http://ufcstats.com/fight-details/c572daedf2012a49,0.6155698227395074,backtest
http://ufcstats.com/fight-details/130b325610c54a64,0.7657660392067203,backtest
http://ufcstats.com/fight-details/989760fa75321d69,0.320203548264664,backtest
http://ufcstats.com/fight-details/118c25bda9392140,0.3395595402111804,backtest
http://ufcstats.com/fight-details/307ea95ad7ebe466,0.47149076801742873,backtest
http://ufcstats.com/fight-details/e05155c1b5c2dc74,0.35331009291592363,backtest
http://ufcstats.com/fight-details/410e6b9e01660b35,0.12000370545089323,backtest
http://ufcstats.com/fight-details/9e525f939fba3e73,0.42136097107461734,backtest
http://ufcstats.com/fight-details/46d800ce45fdd3e6,0.4472065868526477,backtest
http://ufcstats.com/fight-details/f2eb569176e46edf,0.5908816415250665,backtest
http://ufcstats.com/fight-details/c64c6ba6eb1e1d06,0.33666231157315996,backtest
http://ufcstats.com/fight-details/52ddf20a10890b41,0.299356992877188,backtest
http://ufcstats.com/fight-details/f2abca7379982d4f,0.11971354118528565,backtest
http://ufcstats.com/fight-details/4eff5a845db17572,0.20543530350178452,backtest
http://ufcstats.com/fight-details/701c97405da76603,0.4210062326422632,backtest
http://ufcstats.com/fight-details/3bd159c1bed14700,0.44265547540906136,backtest
http://ufcstats.com/fight-details/f6e6b004f07363e9,0.3821788919289675,backtest
http://ufcstats.com/fight-details/3859314324918eeb,0.32545869790417026,backtest
http://ufcstats.com/fight-details/3ac870d6e7d323b7,0.314975091899763,backtest
http://ufcstats.com/fight-details/a122306d0ce5fbfb,0.3911023606132652,backtest
http://ufcstats.com/fight-details/05bc7a042156b6f6,0.6053556532243004,backtest
http://ufcstats.com/fight-details/532340708f0500bd,0.20165418517424694,backtest
http://ufcstats.com/fight-details/61280e5644189c61,0.5136852543131728,backtest
http://ufcstats.com/fight-details/5ffb251c6ea48b65,0.4859234667371026,backtest
http://ufcstats.com/fight-details/4ace64aa144389c5,0.6360191248224119,backtest
http://ufcstats.com/fight-details/c36cd04f8f560f0a,0.5898534667375526,backtest
http://ufcstats.com/fight-details/9009ec7b91f2be14,0.3132408229389956,backtest
http://ufcstats.com/fight-details/d7070ab1b2144f8d,0.29936911542236333,backtest
http://ufcstats.com/fight-details/878a7e6fec3e4573,0.3242728134128958,backtest
http://ufcstats.com/fight-details/f78f34ef2ee7b02c,0.28031300119289726,backtest
http://ufcstats.com/fight-details/5425c577ed4f50b3,0.16757787864949114,backtest
http://ufcstats.com/fight-details/13aa6688d0538095,0.26255152203751797,backtest
http://ufcstats.com/fight-details/4350abb4f1933f88,0.592464486953513,backtest
http://ufcstats.com/fight-details/f1bce0c9a3fa4bcb,0.4663068581895583,backtest
http://ufcstats.com/fight-details/94cef172179c9778,0.3468083671054587,backtest
http://ufcstats.com/fight-details/fec91da886d80200,0.44266200221348306,backtest
http://ufcstats.com/fight-details/7ecb154439aca0f9,0.5687716541654497,backtest
http://ufcstats.com/fight-details/f425b7a527dd53aa,0.5140915840328533,backtest
http://ufcstats.com/fight-details/eb8753ed0476b3d1,0.3494795152201827,backtest
http://ufcstats.com/fight-details/0c3c835e681972d3,0.13206500814907018,backtest
http://ufcstats.com/fight-details/68ae50dbf98dc15f,0.36599160019960086,backtest
http://ufcstats.com/fight-details/fbd99ae7e1ff993a,0.7329812001204337,backtest
http://ufcstats.com/fight-details/ded584e13276cbcb,0.605298064567052,backtest
http://ufcstats.com/fight-details/d463229133909215,0.3562530853199669,backtest
http://ufcstats.com/fight-details/1168a8e59aacfd72,0.36941177708736095,backtest
http://ufcstats.com/fight-details/81ae2a465e0dfa4f,0.3490679106337051,backtest
http://ufcstats.com/fight-details/64829a32c78ab656,0.43745997161452976,backtest
http://ufcstats.com/fight-details/13380a8d6cdbb381,0.36263106571417714,backtest
http://ufcstats.com/fight-details/f44ab9e9e4a89735,0.34611513149279194,backtest
http://ufcstats.com/fight-details/13f31f7a784013a3,0.256081052674729,backtest
http://ufcstats.com/fight-details/06bfde3e3577906f,0.2700063033447746,backtest
http://ufcstats.com/fight-details/d5245f5b96b8afdf,0.4223449928803895,backtest
http://ufcstats.com/fight-details/a10deecfb8558335,0.2666320788235844,backtest
http://ufcstats.com/fight-details/3050549d19395f6f,0.3677360023463879,backtest
http://ufcstats.com/fight-details/9c5da658c76da7c0,0.18993015814120007,backtest
http://ufcstats.com/fight-details/e7077d030d5fc15f,0.2740039688198671,backtest
http://ufcstats.com/fight-details/d5ebdf462c9b59b3,0.8352758876110387,backtest
http://ufcstats.com/fight-details/e79e4d13546d2360,0.6646764330436802,backtest
http://ufcstats.com/fight-details/e7c11d1b22d50ba0,0.5161192483532733,backtest
http://ufcstats.com/fight-details/360b13f97e7ca703,0.5583765562357813,backtest
http://ufcstats.com/fight-details/8e482cead0c7eb15,0.34486279487601235,backtest
http://ufcstats.com/fight-details/53902dcb3e213b18,0.6594838577973641,backtest
http://ufcstats.com/fight-details/d4bd456d70965734,0.5998031598073421,backtest
http://ufcstats.com/fight-details/4700d42c9869674a,0.6951650972583985,backtest
http://ufcstats.com/fight-details/365fd759c03e93cf,0.2585824111789151,backtest
http://ufcstats.com/fight-details/6e495deac1f57169,0.8107929057617603,backtest
http://ufcstats.com/fight-details/97fb716bc7b8751a,0.12949789621967367,backtest
http://ufcstats.com/fight-details/11e4a448ce1ae5e3,0.25430925955182715,backtest
http://ufcstats.com/fight-details/116dc88b63113f61,0.5176701540887254,backtest
http://ufcstats.com/fight-details/7e86f774f19e5e59,0.32898241623580515,backtest
http://ufcstats.com/fight-details/bbd05484f8c8d739,0.29155281472462224,backtest
http://ufcstats.com/fight-details/5d2c1c4dd444772f,0.5976560596150302,backtest
http://ufcstats.com/fight-details/2bbacf9ed3c64184,0.674796074185039,backtest
http://ufcstats.com/fight-details/a6873fd459587d17,0.5271483903032401,backtest
http://ufcstats.com/fight-details/a4b3becc0cc394d7,0.3451846072578745,backtest
http://ufcstats.com/fight-details/bf70d01518c80fba,0.5397492479414042,backtest
http://ufcstats.com/fight-details/0eba299c9b6760fa,0.2894690314890239,backtest
http://ufcstats.com/fight-details/a57ccf31c5f6f82b,0.24090583588002523,backtest
http://ufcstats.com/fight-details/fb77b08a90b92d5b,0.6713962571033045,backtest
http://ufcstats.com/fight-details/6cd4457edf4089f9,0.3936495738206628,backtest
http://ufcstats.com/fight-details/6206c62fc8f0b71b,0.11867555517640238,backtest
http://ufcstats.com/fight-details/ab5922e10699e869,0.7006365169362831,backtest
http://ufcstats.com/fight-details/636867bbc9f96739,0.4658049422395646,backtest
http://ufcstats.com/fight-details/8a980234dab7ae43,0.3585022878392463,backtest
http://ufcstats.com/fight-details/ec5281a72f09d8ac,0.2620158844052993,backtest
http://ufcstats.com/fight-details/228fefc6923c40a5,0.6314304308399693,backtest
http://ufcstats.com/fight-details/1fe768d599c159dc,0.37676247256020945,backtest
http://ufcstats.com/fight-details/f894989058f2bb05,0.40180319298185985,backtest
http://ufcstats.com/fight-details/48a5d9c4592d2f2a,0.3626687077596238,backtest
http://ufcstats.com/fight-details/4af8cb715ac0d459,0.3931675104050998,backtest
http://ufcstats.com/fight-details/73cb6c4e060c4ee9,0.3197613315942959,backtest
http://ufcstats.com/fight-details/80f7f5405d5ffca0,0.38769917770960693,backtest
http://ufcstats.com/fight-details/94d411112ebe8fad,0.7261370531361171,backtest
http://ufcstats.com/fight-details/e5fd7ef7ccf955b8,0.5947520553011979,backtest
http://ufcstats.com/fight-details/809ebb0cfdd01ce2,0.6441986359636644,backtest
http://ufcstats.com/fight-details/1f973e21581b082a,0.5523268606959152,backtest
http://ufcstats.com/fight-details/9226a13d001b49ec,0.5878638629308014,backtest
http://ufcstats.com/fight-details/ac3af13ffe39b1d8,0.6954018633950303,backtest
http://ufcstats.com/fight-details/b1c6ea7d7d413bd5,0.18624051088236515,backtest
http://ufcstats.com/fight-details/8300a095a4908ab1,0.20241578837504537,backtest
http://ufcstats.com/fight-details/b90b099c1f47bb93,0.3253629469171465,backtest
http://ufcstats.com/fight-details/cbf9063d23513661,0.3051364632032635,backtest
http://ufcstats.com/fight-details/c23197c7e4f2fd9d,0.5137561202334113,backtest
http://ufcstats.com/fight-details/55f698e5c4ed2c47,0.6459864949830876,backtest
http://ufcstats.com/fight-details/bba8c0ab999b9e6f,0.5553080631904168,backtest
http://ufcstats.com/fight-details/ad17c34e0cc7d702,0.2976652597937517,backtest
http://ufcstats.com/fight-details/64da2e60f1b472fa,0.3873742005089703,backtest
http://ufcstats.com/fight-details/5a91827fe8c1dc26,0.4434152240120812,backtest
http://ufcstats.com/fight-details/d0d48877bf3724d1,0.5888129095139201,backtest
http://ufcstats.com/fight-details/9a0e77ecd1b7f04e,0.21470755599118985,backtest
http://ufcstats.com/fight-details/046c22f769fd8300,0.33339951286731995,backtest
http://ufcstats.com/fight-details/f154037892b9fb94,0.6912230651795711,backtest
http://ufcstats.com/fight-details/0aa849ca85e4355a,0.3085098979359775,backtest
http://ufcstats.com/fight-details/606639bf387f60e2,0.541673163998664,backtest
http://ufcstats.com/fight-details/d9712b45c094730e,0.6304069354314934,backtest
http://ufcstats.com/fight-details/1fca7dfa9e1e15cb,0.42838201513396545,backtest
http://ufcstats.com/fight-details/1aa008d8597a73b8,0.30463303598172475,backtest
http://ufcstats.com/fight-details/034c04e480d87b8f,0.5423986487538472,backtest
http://ufcstats.com/fight-details/51caa91f68873cf5,0.19977599587866757,backtest
http://ufcstats.com/fight-details/9be47241c960d082,0.2849791116639818,backtest
http://ufcstats.com/fight-details/51789f77811b1817,0.20500838254244524,backtest
http://ufcstats.com/fight-details/d89cc2cb92cd8407,0.47302342869741754,backtest
http://ufcstats.com/fight-details/3f2d637ffb324a51,0.6241894504935985,backtest
http://ufcstats.com/fight-details/d0361fe28d05a0b5,0.655125373400897,backtest
http://ufcstats.com/fight-details/f7810c98786c3dd8,0.7112515972679391,backtest
http://ufcstats.com/fight-details/023ce4fa7b7b76f9,0.9076592673890344,backtest
http://ufcstats.com/fight-details/fe612d20eec7ef35,0.16835100083136678,backtest
http://ufcstats.com/fight-details/568ec6af4008355a,0.23557802297218866,backtest
http://ufcstats.com/fight-details/73304588cef4f88b,0.3397574662590941,backtest
http://ufcstats.com/fight-details/196c64693a2ce308,0.7286544242540633,backtest
http://ufcstats.com/fight-details/2e35163040eb3189,0.3462267151003573,backtest
