commence_time,bookmaker,fighter_1,odds_1,fighter_2,odds_2,fetched_at
2026-09-25T22:00:00Z,BetOnline.ag,Christian Eckerlin,2.2,David Kozma,1.71,2026-09-23T16:44:40.011096+00:00
2026-09-25T22:00:00Z,BetOnline.ag,Christian Jungwirth,2.1,Max Holloway,1.67,2026-09-23T16:44:40.011096+00:00
2026-09-25T22:00:00Z,BetOnline.ag,Deniz Ilbay,3.63,Hugo Vach,1.31,2026-09-23T16:44:40.011096+00:00
2026-09-25T22:00:00Z,BetOnline.ag,Fedor Duric,1.33,Marc Diakiese,3.45,2026-09-23T16:44:40.011096+00:00
2026-09-25T22:00:00Z,BetOnline.ag,Raul Lemberanskij,1.33,Roman Paulus,3.45,2026-09-23T16:44:40.011096+00:00
2026-09-26T18:00:00Z,BetOnline.ag,Darren Till,1.34,Yoel Romero,3.37,2026-09-23T16:44:40.011096+00:00
2026-09-26T18:00:00Z,Grosvenor,Darren Till,1.32,Yoel Romero,3.2,2026-09-23T16:44:40.011096+00:00
2026-09-26T19:00:00Z,BetOnline.ag,Ailin Perez,1.76,Norma Dumont,2.12,2026-09-23T16:44:40.011096+00:00
2026-09-26T19:00:00Z,Betway,Ailin Perez,1.73,Norma Dumont,2.1,2026-09-23T16:44:40.011096+00:00
2026-09-26T19:00:00Z,BetUS,Ailin Perez,1.77,Norma Dumont,2.1,2026-09-23T16:44:40.011096+00:00
2026-09-26T19:00:00Z,Unibet (UK),Ailin Perez,1.72,Norma Dumont,2.08,2026-09-23T16:44:40.011096+00:00
2026-09-26T19:00:00Z,BetMGM,Ailin Perez,1.74,Norma Dumont,2.1,2026-09-23T16:44:40.011096+00:00
2026-09-26T19:00:00Z,DraftKings,Ailin Perez,1.74,Norma Dumont,2.14,2026-09-23T16:44:40.011096+00:00
2026-09-26T19:00:00Z,888sport,Ailin Perez,1.73,Norma Dumont,2.1,2026-09-23T16:44:40.011096+00:00
2026-09-26T19:00:00Z,Grosvenor,Ailin Perez,1.57,Norma Dumont,1.92,2026-09-23T16:44:40.011096+00:00
2026-09-26T19:00:00Z,LiveScore Bet,Ailin Perez,1.73,Norma Dumont,2.1,2026-09-23T16:44:40.011096+00:00
2026-09-26T19:00:00Z,Virgin Bet,Ailin Perez,1.73,Norma Dumont,2.1,2026-09-23T16:44:40.011096+00:00
2026-09-26T19:00:00Z,BetRivers,Ailin Perez,1.73,Norma Dumont,2.1,2026-09-23T16:44:40.011096+00:00
2026-09-26T19:00:00Z,Bovada,Ailin Perez,1.75,Norma Dumont,2.12,2026-09-23T16:44:40.011096+00:00
2026-09-26T19:00:00Z,Pinnacle,Ailin Perez,1.74,Norma Dumont,2.16,2026-09-23T16:44:40.011096+00:00
2026-09-26T19:00:00Z,Coolbet,Ailin Perez,1.74,Norma Dumont,2.15,2026-09-23T16:44:40.011096+00:00
2026-09-26T19:00:00Z,BetAnything,Ailin Perez,1.74,Norma Dumont,2.05,2026-09-23T16:44:40.011096+00:00
2026-09-26T19:00:00Z,Matchbook,Ailin Perez,1.73,Norma Dumont,2.14,2026-09-23T16:44:40.011096+00:00
2026-09-26T19:00:00Z,BetOnline.ag,Brady Hiestand,3.73,Rinya Nakamura,1.3,2026-09-23T16:44:40.011096+00:00
2026-09-26T19:00:00Z,Betclic (FR),Brady Hiestand,3.6,Rinya Nakamura,1.25,2026-09-23T16:44:40.011096+00:00
2026-09-26T19:00:00Z,Betway,Brady Hiestand,3.6,Rinya Nakamura,1.29,2026-09-23T16:44:40.011096+00:00
2026-09-26T19:00:00Z,BetUS,Brady Hiestand,3.7,Rinya Nakamura,1.3,2026-09-23T16:44:40.011096+00:00
2026-09-26T19:00:00Z,Unibet (UK),Brady Hiestand,3.5,Rinya Nakamura,1.28,2026-09-23T16:44:40.011096+00:00
2026-09-26T19:00:00Z,BetMGM,Brady Hiestand,3.75,Rinya Nakamura,1.29,2026-09-23T16:44:40.011096+00:00
2026-09-26T19:00:00Z,Nordic Bet,Brady Hiestand,3.65,Rinya Nakamura,1.28,2026-09-23T16:44:40.011096+00:00
2026-09-26T19:00:00Z,Betsson,Brady Hiestand,3.6,Rinya Nakamura,1.28,2026-09-23T16:44:40.011096+00:00
2026-09-26T19:00:00Z,Virgin Bet,Brady Hiestand,3.5,Rinya Nakamura,1.3,2026-09-23T16:44:40.011096+00:00
2026-09-26T19:00:00Z,LiveScore Bet,Brady Hiestand,3.5,Rinya Nakamura,1.3,2026-09-23T16:44:40.011096+00:00
2026-09-26T19:00:00Z,Grosvenor,Brady Hiestand,3.2,Rinya Nakamura,1.2,2026-09-23T16:44:40.011096+00:00
2026-09-26T19:00:00Z,BetRivers,Brady Hiestand,3.5,Rinya Nakamura,1.3,2026-09-23T16:44:40.011096+00:00
2026-09-26T19:00:00Z,888sport,Brady Hiestand,3.6,Rinya Nakamura,1.29,2026-09-23T16:44:40.011096+00:00
2026-09-26T19:00:00Z,Bovada,Brady Hiestand,3.9,Rinya Nakamura,1.28,2026-09-23T16:44:40.011096+00:00
2026-09-26T19:00:00Z,Pinnacle,Brady Hiestand,4.12,Rinya Nakamura,1.26,2026-09-23T16:44:40.011096+00:00
2026-09-26T19:00:00Z,Coolbet,Brady Hiestand,3.7,Rinya Nakamura,1.3,2026-09-23T16:44:40.011096+00:00
2026-09-26T19:00:00Z,BetAnything,Brady Hiestand,3.6,Rinya Nakamura,1.29,2026-09-23T16:44:40.011096+00:00
2026-09-26T19:00:00Z,DraftKings,Brady Hiestand,3.95,Rinya Nakamura,1.27,2026-09-23T16:44:40.011096+00:00
2026-09-26T19:00:00Z,Winamax (FR),Brady Hiestand,3.55,Rinya Nakamura,1.24,2026-09-23T16:44:40.011096+00:00
2026-09-26T19:00:00Z,Matchbook,Brady Hiestand,4.3,Rinya Nakamura,1.26,2026-09-23T16:44:40.011096+00:00
2026-09-26T19:00:00Z,BetOnline.ag,Christian Edwards,2.49,Rodolfo Bellato,1.57,2026-09-23T16:44:40.011096+00:00
2026-09-26T19:00:00Z,Betway,Christian Edwards,2.5,Rodolfo Bellato,1.53,2026-09-23T16:44:40.011096+00:00
2026-09-26T19:00:00Z,BetUS,Christian Edwards,2.46,Rodolfo Bellato,1.57,2026-09-23T16:44:40.011096+00:00
2026-09-26T19:00:00Z,Unibet (UK),Christian Edwards,2.4,Rodolfo Bellato,1.55,2026-09-23T16:44:40.011096+00:00
2026-09-26T19:00:00Z,BetMGM,Christian Edwards,2.45,Rodolfo Bellato,1.56,2026-09-23T16:44:40.011096+00:00
2026-09-26T19:00:00Z,Nordic Bet,Christian Edwards,2.45,Rodolfo Bellato,1.56,2026-09-23T16:44:40.011096+00:00
2026-09-26T19:00:00Z,Betsson,Christian Edwards,2.4,Rodolfo Bellato,1.55,2026-09-23T16:44:40.011096+00:00
2026-09-26T19:00:00Z,DraftKings,Christian Edwards,2.5,Rodolfo Bellato,1.56,2026-09-23T16:44:40.011096+00:00
2026-09-26T19:00:00Z,BetRivers,Christian Edwards,2.4,Rodolfo Bellato,1.56,2026-09-23T16:44:40.011096+00:00
2026-09-26T19:00:00Z,Virgin Bet,Christian Edwards,2.4,Rodolfo Bellato,1.57,2026-09-23T16:44:40.011096+00:00
2026-09-26T19:00:00Z,Grosvenor,Christian Edwards,2.18,Rodolfo Bellato,1.44,2026-09-23T16:44:40.011096+00:00
2026-09-26T19:00:00Z,LiveScore Bet,Christian Edwards,2.4,Rodolfo Bellato,1.57,2026-09-23T16:44:40.011096+00:00
2026-09-26T19:00:00Z,Bovada,Christian Edwards,2.55,Rodolfo Bellato,1.56,2026-09-23T16:44:40.011096+00:00
2026-09-26T19:00:00Z,Pinnacle,Christian Edwards,2.52,Rodolfo Bellato,1.56,2026-09-23T16:44:40.011096+00:00
2026-09-26T19:00:00Z,Coolbet,Christian Edwards,2.48,Rodolfo Bellato,1.57,2026-09-23T16:44:40.011096+00:00
2026-09-26T19:00:00Z,BetAnything,Christian Edwards,2.45,Rodolfo Bellato,1.57,2026-09-23T16:44:40.011096+00:00
2026-09-26T19:00:00Z,Matchbook,Christian Edwards,2.52,Rodolfo Bellato,1.55,2026-09-23T16:44:40.011096+00:00
2026-09-26T19:00:00Z,BetOnline.ag,Elves Brenner,2.12,Josiah Harrell,1.76,2026-09-23T16:44:40.011096+00:00
2026-09-26T19:00:00Z,Betway,Elves Brenner,2.1,Josiah Harrell,1.73,2026-09-23T16:44:40.011096+00:00
2026-09-26T19:00:00Z,BetUS,Elves Brenner,2.14,Josiah Harrell,1.74,2026-09-23T16:44:40.011096+00:00
2026-09-26T19:00:00Z,Nordic Bet,Elves Brenner,2.1,Josiah Harrell,1.75,2026-09-23T16:44:40.011096+00:00
2026-09-26T19:00:00Z,Betsson,Elves Brenner,2.08,Josiah Harrell,1.73,2026-09-23T16:44:40.011096+00:00
2026-09-26T19:00:00Z,LiveScore Bet,Elves Brenner,2.1,Josiah Harrell,1.73,2026-09-23T16:44:40.011096+00:00
2026-09-26T19:00:00Z,BetRivers,Elves Brenner,2.1,Josiah Harrell,1.73,2026-09-23T16:44:40.011096+00:00
2026-09-26T19:00:00Z,Grosvenor,Elves Brenner,1.92,Josiah Harrell,1.57,2026-09-23T16:44:40.011096+00:00
2026-09-26T19:00:00Z,Virgin Bet,Elves Brenner,2.1,Josiah Harrell,1.73,2026-09-23T16:44:40.011096+00:00
2026-09-26T19:00:00Z,Bovada,Elves Brenner,2.22,Josiah Harrell,1.7,2026-09-23T16:44:40.011096+00:00
2026-09-26T19:00:00Z,Pinnacle,Elves Brenner,2.12,Josiah Harrell,1.76,2026-09-23T16:44:40.011096+00:00
2026-09-26T19:00:00Z,Coolbet,Elves Brenner,2.1,Josiah Harrell,1.77,2026-09-23T16:44:40.011096+00:00
2026-09-26T19:00:00Z,BetAnything,Elves Brenner,2.05,Josiah Harrell,1.74,2026-09-23T16:44:40.011096+00:00
2026-09-26T19:00:00Z,DraftKings,Elves Brenner,2.02,Josiah Harrell,1.82,2026-09-23T16:44:40.011096+00:00
2026-09-26T19:00:00Z,Matchbook,Elves Brenner,2.12,Josiah Harrell,1.75,2026-09-23T16:44:40.011096+00:00
2026-09-26T19:00:00Z,BetOnline.ag,Heili Alateng,3.87,John Castaneda,1.28,2026-09-23T16:44:40.011096+00:00
2026-09-26T19:00:00Z,Betway,Heili Alateng,3.5,John Castaneda,1.3,2026-09-23T16:44:40.011096+00:00
2026-09-26T19:00:00Z,BetUS,Heili Alateng,3.82,John Castaneda,1.28,2026-09-23T16:44:40.011096+00:00
2026-09-26T19:00:00Z,Unibet (UK),Heili Alateng,3.65,John Castaneda,1.27,2026-09-23T16:44:40.011096+00:00
2026-09-26T19:00:00Z,Marathon Bet,Heili Alateng,3.55,John Castaneda,1.25,2026-09-23T16:44:40.011096+00:00
2026-09-26T19:00:00Z,Nordic Bet,Heili Alateng,3.6,John Castaneda,1.29,2026-09-23T16:44:40.011096+00:00
2026-09-26T19:00:00Z,Betsson,Heili Alateng,3.55,John Castaneda,1.28,2026-09-23T16:44:40.011096+00:00
2026-09-26T19:00:00Z,DraftKings,Heili Alateng,3.75,John Castaneda,1.29,2026-09-23T16:44:40.011096+00:00
2026-09-26T19:00:00Z,888sport,Heili Alateng,3.6,John Castaneda,1.29,2026-09-23T16:44:40.011096+00:00
2026-09-26T19:00:00Z,Grosvenor,Heili Alateng,3.25,John Castaneda,1.18,2026-09-23T16:44:40.011096+00:00
2026-09-26T19:00:00Z,BetRivers,Heili Alateng,3.7,John Castaneda,1.28,2026-09-23T16:44:40.011096+00:00
2026-09-26T19:00:00Z,LiveScore Bet,Heili Alateng,3.7,John Castaneda,1.28,2026-09-23T16:44:40.011096+00:00
2026-09-26T19:00:00Z,Virgin Bet,Heili Alateng,3.7,John Castaneda,1.28,2026-09-23T16:44:40.011096+00:00
2026-09-26T19:00:00Z,Bovada,Heili Alateng,3.9,John Castaneda,1.28,2026-09-23T16:44:40.011096+00:00
2026-09-26T19:00:00Z,Pinnacle,Heili Alateng,3.76,John Castaneda,1.29,2026-09-23T16:44:40.011096+00:00
2026-09-26T19:00:00Z,Coolbet,Heili Alateng,3.7,John Castaneda,1.3,2026-09-23T16:44:40.011096+00:00
2026-09-26T19:00:00Z,BetAnything,Heili Alateng,3.35,John Castaneda,1.28,2026-09-23T16:44:40.011096+00:00
2026-09-26T19:00:00Z,Matchbook,Heili Alateng,3.7,John Castaneda,1.28,2026-09-23T16:44:40.011096+00:00
2026-09-26T19:00:00Z,BetOnline.ag,Mickey Gall,1.68,Sedriques Dumas,2.26,2026-09-23T16:44:40.011096+00:00
2026-09-26T19:00:00Z,BetUS,Mickey Gall,1.67,Sedriques Dumas,2.26,2026-09-23T16:44:40.011096+00:00
2026-09-26T19:00:00Z,BetMGM,Mickey Gall,1.61,Sedriques Dumas,2.35,2026-09-23T16:44:40.011096+00:00
2026-09-26T19:00:00Z,Nordic Bet,Mickey Gall,1.6,Sedriques Dumas,2.35,2026-09-23T16:44:40.011096+00:00
2026-09-26T19:00:00Z,Betsson,Mickey Gall,1.59,Sedriques Dumas,2.33,2026-09-23T16:44:40.011096+00:00
2026-09-26T19:00:00Z,Bovada,Mickey Gall,1.67,Sedriques Dumas,2.3,2026-09-23T16:44:40.011096+00:00
2026-09-26T19:00:00Z,Pinnacle,Mickey Gall,1.69,Sedriques Dumas,2.23,2026-09-23T16:44:40.011096+00:00
2026-09-26T19:00:00Z,Coolbet,Mickey Gall,1.62,Sedriques Dumas,2.35,2026-09-23T16:44:40.011096+00:00
2026-09-26T19:00:00Z,BetAnything,Mickey Gall,1.65,Sedriques Dumas,2.25,2026-09-23T16:44:40.011096+00:00
2026-09-26T19:00:00Z,DraftKings,Mickey Gall,1.65,Sedriques Dumas,2.3,2026-09-23T16:44:40.011096+00:00
2026-09-26T19:00:00Z,Virgin Bet,Mickey Gall,1.64,Sedriques Dumas,2.25,2026-09-23T16:44:40.011096+00:00
2026-09-26T19:00:00Z,BetRivers,Mickey Gall,1.64,Sedriques Dumas,2.25,2026-09-23T16:44:40.011096+00:00
2026-09-26T19:00:00Z,Grosvenor,Mickey Gall,1.5,Sedriques Dumas,2.06,2026-09-23T16:44:40.011096+00:00
2026-09-26T19:00:00Z,LiveScore Bet,Mickey Gall,1.64,Sedriques Dumas,2.25,2026-09-23T16:44:40.011096+00:00
2026-09-26T19:00:00Z,Unibet (UK),Mickey Gall,1.65,Sedriques Dumas,2.2,2026-09-23T16:44:40.011096+00:00
2026-09-26T19:00:00Z,Betway,Mickey Gall,1.61,Sedriques Dumas,2.3,2026-09-23T16:44:40.011096+00:00
2026-09-26T19:00:00Z,Matchbook,Mickey Gall,1.68,Sedriques Dumas,2.24,2026-09-23T16:44:40.011096+00:00
2026-09-26T19:00:00Z,BetOnline.ag,Montel Jackson,1.49,Ricky Simon,2.74,2026-09-23T16:44:40.011096+00:00
2026-09-26T19:00:00Z,Betway,Montel Jackson,1.44,Ricky Simon,2.75,2026-09-23T16:44:40.011096+00:00
2026-09-26T19:00:00Z,BetUS,Montel Jackson,1.49,Ricky Simon,2.7,2026-09-23T16:44:40.011096+00:00
2026-09-26T19:00:00Z,Unibet (UK),Montel Jackson,1.45,Ricky Simon,2.65,2026-09-23T16:44:40.011096+00:00
2026-09-26T19:00:00Z,BetMGM,Montel Jackson,1.48,Ricky Simon,2.7,2026-09-23T16:44:40.011096+00:00
2026-09-26T19:00:00Z,Nordic Bet,Montel Jackson,1.47,Ricky Simon,2.7,2026-09-23T16:44:40.011096+00:00
2026-09-26T19:00:00Z,Betsson,Montel Jackson,1.46,Ricky Simon,2.65,2026-09-23T16:44:40.011096+00:00
2026-09-26T19:00:00Z,DraftKings,Montel Jackson,1.51,Ricky Simon,2.64,2026-09-23T16:44:40.011096+00:00
2026-09-26T19:00:00Z,888sport,Montel Jackson,1.47,Ricky Simon,2.65,2026-09-23T16:44:40.011096+00:00
2026-09-26T19:00:00Z,Grosvenor,Montel Jackson,1.36,Ricky Simon,2.38,2026-09-23T16:44:40.011096+00:00
2026-09-26T19:00:00Z,LiveScore Bet,Montel Jackson,1.49,Ricky Simon,2.63,2026-09-23T16:44:40.011096+00:00
2026-09-26T19:00:00Z,Virgin Bet,Montel Jackson,1.49,Ricky Simon,2.63,2026-09-23T16:44:40.011096+00:00
2026-09-26T19:00:00Z,BetRivers,Montel Jackson,1.49,Ricky Simon,2.63,2026-09-23T16:44:40.011096+00:00
2026-09-26T19:00:00Z,Bovada,Montel Jackson,1.49,Ricky Simon,2.73,2026-09-23T16:44:40.011096+00:00
2026-09-26T19:00:00Z,Pinnacle,Montel Jackson,1.48,Ricky Simon,2.77,2026-09-23T16:44:40.011096+00:00
2026-09-26T19:00:00Z,Coolbet,Montel Jackson,1.48,Ricky Simon,2.74,2026-09-23T16:44:40.011096+00:00
2026-09-26T19:00:00Z,BetAnything,Montel Jackson,1.49,Ricky Simon,2.7,2026-09-23T16:44:40.011096+00:00
2026-09-26T19:00:00Z,Matchbook,Montel Jackson,1.46,Ricky Simon,2.74,2026-09-23T16:44:40.011096+00:00
2026-09-26T19:00:00Z,BetOnline.ag,Raoni Barcelos,2.32,Raul Rosas Jr,1.65,2026-09-23T16:44:40.011096+00:00
2026-09-26T19:00:00Z,Winamax (FR),Raoni Barcelos,2.2,Raul Rosas Jr,1.58,2026-09-23T16:44:40.011096+00:00
2026-09-26T19:00:00Z,Betclic (FR),Raoni Barcelos,2.3,Raul Rosas Jr,1.54,2026-09-23T16:44:40.011096+00:00
2026-09-26T19:00:00Z,Betway,Raoni Barcelos,2.4,Raul Rosas Jr,1.57,2026-09-23T16:44:40.011096+00:00
2026-09-26T19:00:00Z,BetUS,Raoni Barcelos,2.3,Raul Rosas Jr,1.65,2026-09-23T16:44:40.011096+00:00
2026-09-26T19:00:00Z,Unibet (UK),Raoni Barcelos,2.3,Raul Rosas Jr,1.61,2026-09-23T16:44:40.011096+00:00
2026-09-26T19:00:00Z,BetMGM,Raoni Barcelos,2.5,Raul Rosas Jr,1.54,2026-09-23T16:44:40.011096+00:00
2026-09-26T19:00:00Z,DraftKings,Raoni Barcelos,2.4,Raul Rosas Jr,1.6,2026-09-23T16:44:40.011096+00:00
2026-09-26T19:00:00Z,888sport,Raoni Barcelos,2.45,Raul Rosas Jr,1.53,2026-09-23T16:44:40.011096+00:00
2026-09-26T19:00:00Z,Nordic Bet,Raoni Barcelos,2.5,Raul Rosas Jr,1.56,2026-09-23T16:44:40.011096+00:00
2026-09-26T19:00:00Z,Betsson,Raoni Barcelos,2.45,Raul Rosas Jr,1.53,2026-09-23T16:44:40.011096+00:00
2026-09-26T19:00:00Z,Virgin Bet,Raoni Barcelos,2.5,Raul Rosas Jr,1.53,2026-09-23T16:44:40.011096+00:00
2026-09-26T19:00:00Z,LiveScore Bet,Raoni Barcelos,2.5,Raul Rosas Jr,1.53,2026-09-23T16:44:40.011096+00:00
2026-09-26T19:00:00Z,BetRivers,Raoni Barcelos,2.5,Raul Rosas Jr,1.53,2026-09-23T16:44:40.011096+00:00
2026-09-26T19:00:00Z,Grosvenor,Raoni Barcelos,2.28,Raul Rosas Jr,1.41,2026-09-23T16:44:40.011096+00:00
2026-09-26T19:00:00Z,Bovada,Raoni Barcelos,2.4,Raul Rosas Jr,1.61,2026-09-23T16:44:40.011096+00:00
2026-09-26T19:00:00Z,Pinnacle,Raoni Barcelos,2.41,Raul Rosas Jr,1.61,2026-09-23T16:44:40.011096+00:00
2026-09-26T19:00:00Z,Coolbet,Raoni Barcelos,2.48,Raul Rosas Jr,1.57,2026-09-23T16:44:40.011096+00:00
2026-09-26T19:00:00Z,BetAnything,Raoni Barcelos,2.3,Raul Rosas Jr,1.62,2026-09-23T16:44:40.011096+00:00
2026-09-26T19:00:00Z,PMU (FR),Raoni Barcelos,2.5,Raul Rosas Jr,1.53,2026-09-23T16:44:40.011096+00:00
2026-09-26T19:00:00Z,Matchbook,Raoni Barcelos,2.4,Raul Rosas Jr,1.6,2026-09-23T16:44:40.011096+00:00
2026-09-26T19:00:00Z,BetOnline.ag,Robert Bryczek,2.36,Rodolfo Vieira,1.62,2026-09-23T16:44:40.011096+00:00
2026-09-26T19:00:00Z,Betclic (FR),Robert Bryczek,2.2,Rodolfo Vieira,1.59,2026-09-23T16:44:40.011096+00:00
2026-09-26T19:00:00Z,Betway,Robert Bryczek,2.3,Rodolfo Vieira,1.61,2026-09-23T16:44:40.011096+00:00
2026-09-26T19:00:00Z,BetUS,Robert Bryczek,2.34,Rodolfo Vieira,1.62,2026-09-23T16:44:40.011096+00:00
2026-09-26T19:00:00Z,Unibet (UK),Robert Bryczek,2.3,Rodolfo Vieira,1.6,2026-09-23T16:44:40.011096+00:00
2026-09-26T19:00:00Z,BetMGM,Robert Bryczek,2.35,Rodolfo Vieira,1.62,2026-09-23T16:44:40.011096+00:00
2026-09-26T19:00:00Z,DraftKings,Robert Bryczek,2.36,Rodolfo Vieira,1.62,2026-09-23T16:44:40.011096+00:00
2026-09-26T19:00:00Z,Nordic Bet,Robert Bryczek,2.34,Rodolfo Vieira,1.62,2026-09-23T16:44:40.011096+00:00
2026-09-26T19:00:00Z,Betsson,Robert Bryczek,2.31,Rodolfo Vieira,1.6,2026-09-23T16:44:40.011096+00:00
2026-09-26T19:00:00Z,Virgin Bet,Robert Bryczek,2.23,Rodolfo Vieira,1.65,2026-09-23T16:44:40.011096+00:00
2026-09-26T19:00:00Z,LiveScore Bet,Robert Bryczek,2.23,Rodolfo Vieira,1.65,2026-09-23T16:44:40.011096+00:00
2026-09-26T19:00:00Z,BetRivers,Robert Bryczek,2.23,Rodolfo Vieira,1.65,2026-09-23T16:44:40.011096+00:00
2026-09-26T19:00:00Z,Grosvenor,Robert Bryczek,2.04,Rodolfo Vieira,1.51,2026-09-23T16:44:40.011096+00:00
2026-09-26T19:00:00Z,Bovada,Robert Bryczek,2.35,Rodolfo Vieira,1.62,2026-09-23T16:44:40.011096+00:00
2026-09-26T19:00:00Z,Pinnacle,Robert Bryczek,2.38,Rodolfo Vieira,1.62,2026-09-23T16:44:40.011096+00:00
2026-09-26T19:00:00Z,Coolbet,Robert Bryczek,2.35,Rodolfo Vieira,1.62,2026-09-23T16:44:40.011096+00:00
2026-09-26T19:00:00Z,BetAnything,Robert Bryczek,2.25,Rodolfo Vieira,1.65,2026-09-23T16:44:40.011096+00:00
2026-09-26T19:00:00Z,Winamax (FR),Robert Bryczek,2.25,Rodolfo Vieira,1.56,2026-09-23T16:44:40.011096+00:00
2026-09-26T19:00:00Z,Matchbook,Robert Bryczek,2.36,Rodolfo Vieira,1.6,2026-09-23T16:44:40.011096+00:00
2026-09-26T19:00:00Z,BetOnline.ag,Vanessa Demopoulos,7.63,Yazmin Jauregui,1.1,2026-09-23T16:44:40.011096+00:00
2026-09-26T19:00:00Z,Betway,Vanessa Demopoulos,6.5,Yazmin Jauregui,1.11,2026-09-23T16:44:40.011096+00:00
2026-09-26T19:00:00Z,Unibet (UK),Vanessa Demopoulos,7.0,Yazmin Jauregui,1.09,2026-09-23T16:44:40.011096+00:00
2026-09-26T19:00:00Z,BetUS,Vanessa Demopoulos,7.15,Yazmin Jauregui,1.1,2026-09-23T16:44:40.011096+00:00
2026-09-26T19:00:00Z,BetMGM,Vanessa Demopoulos,6.75,Yazmin Jauregui,1.11,2026-09-23T16:44:40.011096+00:00
2026-09-26T19:00:00Z,Nordic Bet,Vanessa Demopoulos,6.75,Yazmin Jauregui,1.1,2026-09-23T16:44:40.011096+00:00
2026-09-26T19:00:00Z,Betsson,Vanessa Demopoulos,6.7,Yazmin Jauregui,1.1,2026-09-23T16:44:40.011096+00:00
2026-09-26T19:00:00Z,BetRivers,Vanessa Demopoulos,6.75,Yazmin Jauregui,1.11,2026-09-23T16:44:40.011096+00:00
2026-09-26T19:00:00Z,Virgin Bet,Vanessa Demopoulos,6.75,Yazmin Jauregui,1.11,2026-09-23T16:44:40.011096+00:00
2026-09-26T19:00:00Z,Grosvenor,Vanessa Demopoulos,5.75,Yazmin Jauregui,1.03,2026-09-23T16:44:40.011096+00:00
2026-09-26T19:00:00Z,LiveScore Bet,Vanessa Demopoulos,6.75,Yazmin Jauregui,1.11,2026-09-23T16:44:40.011096+00:00
2026-09-26T19:00:00Z,888sport,Vanessa Demopoulos,7.5,Yazmin Jauregui,1.08,2026-09-23T16:44:40.011096+00:00
2026-09-26T19:00:00Z,Bovada,Vanessa Demopoulos,7.25,Yazmin Jauregui,1.11,2026-09-23T16:44:40.011096+00:00
2026-09-26T19:00:00Z,Pinnacle,Vanessa Demopoulos,7.53,Yazmin Jauregui,1.1,2026-09-23T16:44:40.011096+00:00
2026-09-26T19:00:00Z,Coolbet,Vanessa Demopoulos,7.65,Yazmin Jauregui,1.1,2026-09-23T16:44:40.011096+00:00
2026-09-26T19:00:00Z,BetAnything,Vanessa Demopoulos,6.1,Yazmin Jauregui,1.11,2026-09-23T16:44:40.011096+00:00
2026-09-26T19:00:00Z,DraftKings,Vanessa Demopoulos,7.5,Yazmin Jauregui,1.1,2026-09-23T16:44:40.011096+00:00
2026-09-26T19:00:00Z,Matchbook,Vanessa Demopoulos,7.4,Yazmin Jauregui,1.09,2026-09-23T16:44:40.011096+00:00
2026-09-26T22:00:00Z,BetOnline.ag,Ilimbek Akylbek,3.31,Mehemmedeli Osmanli,1.36,2026-09-23T16:44:40.011096+00:00
2026-09-26T22:00:00Z,Betclic (FR),Ilimbek Akylbek,3.2,Mehemmedeli Osmanli,1.3,2026-09-23T16:44:40.011096+00:00
2026-09-26T22:00:00Z,BetRivers,Ilimbek Akylbek,3.25,Mehemmedeli Osmanli,1.34,2026-09-23T16:44:40.011096+00:00
2026-09-26T22:00:00Z,Betway,Ilimbek Akylbek,3.1,Mehemmedeli Osmanli,1.36,2026-09-23T16:44:40.011096+00:00
2026-09-26T22:00:00Z,Virgin Bet,Ilimbek Akylbek,3.25,Mehemmedeli Osmanli,1.34,2026-09-23T16:44:40.011096+00:00
2026-09-26T22:00:00Z,LiveScore Bet,Ilimbek Akylbek,3.25,Mehemmedeli Osmanli,1.34,2026-09-23T16:44:40.011096+00:00
2026-09-26T22:00:00Z,Unibet (UK),Ilimbek Akylbek,2.85,Mehemmedeli Osmanli,1.4,2026-09-23T16:44:40.011096+00:00
2026-09-26T22:00:00Z,Nordic Bet,Ilimbek Akylbek,3.52,Mehemmedeli Osmanli,1.32,2026-09-23T16:44:40.011096+00:00
2026-09-26T22:00:00Z,BetUS,Ilimbek Akylbek,3.34,Mehemmedeli Osmanli,1.35,2026-09-23T16:44:40.011096+00:00
2026-09-26T22:00:00Z,BetMGM,Ilimbek Akylbek,3.4,Mehemmedeli Osmanli,1.33,2026-09-23T16:44:40.011096+00:00
2026-09-26T22:00:00Z,Grosvenor,Ilimbek Akylbek,2.9,Mehemmedeli Osmanli,1.24,2026-09-23T16:44:40.011096+00:00
2026-09-26T22:00:00Z,Betsson,Ilimbek Akylbek,3.45,Mehemmedeli Osmanli,1.3,2026-09-23T16:44:40.011096+00:00
2026-09-26T22:00:00Z,Bovada,Ilimbek Akylbek,3.4,Mehemmedeli Osmanli,1.34,2026-09-23T16:44:40.011096+00:00
2026-09-26T22:00:00Z,Pinnacle,Ilimbek Akylbek,3.43,Mehemmedeli Osmanli,1.34,2026-09-23T16:44:40.011096+00:00
2026-09-26T22:00:00Z,BetAnything,Ilimbek Akylbek,3.15,Mehemmedeli Osmanli,1.35,2026-09-23T16:44:40.011096+00:00
2026-09-26T22:00:00Z,DraftKings,Ilimbek Akylbek,3.35,Mehemmedeli Osmanli,1.34,2026-09-23T16:44:40.011096+00:00
2026-09-26T22:00:00Z,888sport,Ilimbek Akylbek,3.15,Mehemmedeli Osmanli,1.33,2026-09-23T16:44:40.011096+00:00
2026-09-26T22:00:00Z,Winamax (FR),Ilimbek Akylbek,2.7,Mehemmedeli Osmanli,1.34,2026-09-23T16:44:40.011096+00:00
2026-09-26T22:00:00Z,Matchbook,Ilimbek Akylbek,3.35,Mehemmedeli Osmanli,1.33,2026-09-23T16:44:40.011096+00:00
2026-09-26T22:00:00Z,Coolbet,Ilimbek Akylbek,3.28,Mehemmedeli Osmanli,1.36,2026-09-23T16:44:40.011096+00:00
2026-09-26T22:00:00Z,BetOnline.ag,Melissa Amaya,2.78,Valesca Machado,1.47,2026-09-23T16:44:40.011096+00:00
2026-09-26T22:00:00Z,Betclic (FR),Melissa Amaya,2.75,Valesca Machado,1.39,2026-09-23T16:44:40.011096+00:00
2026-09-26T22:00:00Z,BetRivers,Melissa Amaya,2.8,Valesca Machado,1.43,2026-09-23T16:44:40.011096+00:00
2026-09-26T22:00:00Z,Betway,Melissa Amaya,2.75,Valesca Machado,1.44,2026-09-23T16:44:40.011096+00:00
2026-09-26T22:00:00Z,Virgin Bet,Melissa Amaya,2.8,Valesca Machado,1.44,2026-09-23T16:44:40.011096+00:00
2026-09-26T22:00:00Z,LiveScore Bet,Melissa Amaya,2.8,Valesca Machado,1.44,2026-09-23T16:44:40.011096+00:00
2026-09-26T22:00:00Z,Unibet (UK),Melissa Amaya,2.7,Valesca Machado,1.45,2026-09-23T16:44:40.011096+00:00
2026-09-26T22:00:00Z,BetUS,Melissa Amaya,2.78,Valesca Machado,1.47,2026-09-23T16:44:40.011096+00:00
2026-09-26T22:00:00Z,Grosvenor,Melissa Amaya,2.5,Valesca Machado,1.33,2026-09-23T16:44:40.011096+00:00
2026-09-26T22:00:00Z,Bovada,Melissa Amaya,2.85,Valesca Machado,1.45,2026-09-23T16:44:40.011096+00:00
2026-09-26T22:00:00Z,Pinnacle,Melissa Amaya,2.91,Valesca Machado,1.44,2026-09-23T16:44:40.011096+00:00
2026-09-26T22:00:00Z,Coolbet,Melissa Amaya,2.75,Valesca Machado,1.48,2026-09-23T16:44:40.011096+00:00
2026-09-26T22:00:00Z,BetAnything,Melissa Amaya,2.8,Valesca Machado,1.47,2026-09-23T16:44:40.011096+00:00
2026-09-26T22:00:00Z,DraftKings,Melissa Amaya,2.85,Valesca Machado,1.44,2026-09-23T16:44:40.011096+00:00
2026-09-26T22:00:00Z,Winamax (FR),Melissa Amaya,2.5,Valesca Machado,1.4,2026-09-23T16:44:40.011096+00:00
2026-09-26T22:00:00Z,Matchbook,Melissa Amaya,2.88,Valesca Machado,1.42,2026-09-23T16:44:40.011096+00:00
2026-09-26T22:00:00Z,BetMGM,Melissa Amaya,2.85,Valesca Machado,1.44,2026-09-23T16:44:40.011096+00:00
2026-09-26T22:00:00Z,Betsson,Melissa Amaya,2.8,Valesca Machado,1.43,2026-09-23T16:44:40.011096+00:00
2026-09-26T22:00:00Z,Nordic Bet,Melissa Amaya,2.85,Valesca Machado,1.45,2026-09-23T16:44:40.011096+00:00
2026-10-04T01:00:00Z,BetOnline.ag,Deiveson Figueiredo,6.05,Payton Talbott,1.14,2026-09-23T16:44:40.011096+00:00
2026-10-04T01:00:00Z,Betclic (FR),Deiveson Figueiredo,5.6,Payton Talbott,1.11,2026-09-23T16:44:40.011096+00:00
2026-10-04T01:00:00Z,Betsson,Deiveson Figueiredo,5.05,Payton Talbott,1.16,2026-09-23T16:44:40.011096+00:00
2026-10-04T01:00:00Z,Nordic Bet,Deiveson Figueiredo,5.0,Payton Talbott,1.15,2026-09-23T16:44:40.011096+00:00
2026-10-04T01:00:00Z,Winamax (FR),Deiveson Figueiredo,4.8,Payton Talbott,1.1,2026-09-23T16:44:40.011096+00:00
2026-10-04T01:00:00Z,DraftKings,Deiveson Figueiredo,6.0,Payton Talbott,1.14,2026-09-23T16:44:40.011096+00:00
2026-10-04T01:00:00Z,Unibet (UK),Deiveson Figueiredo,5.5,Payton Talbott,1.13,2026-09-23T16:44:40.011096+00:00
2026-10-04T01:00:00Z,FanDuel,Deiveson Figueiredo,5.4,Payton Talbott,1.15,2026-09-23T16:44:40.011096+00:00
2026-10-04T01:00:00Z,Sky Bet,Deiveson Figueiredo,5.0,Payton Talbott,1.17,2026-09-23T16:44:40.011096+00:00
2026-10-04T01:00:00Z,Paddy Power,Deiveson Figueiredo,5.0,Payton Talbott,1.17,2026-09-23T16:44:40.011096+00:00
2026-10-04T01:00:00Z,BetRivers,Deiveson Figueiredo,5.6,Payton Talbott,1.14,2026-09-23T16:44:40.011096+00:00
2026-10-04T01:00:00Z,Virgin Bet,Deiveson Figueiredo,5.6,Payton Talbott,1.14,2026-09-23T16:44:40.011096+00:00
2026-10-04T01:00:00Z,LiveScore Bet,Deiveson Figueiredo,5.6,Payton Talbott,1.14,2026-09-23T16:44:40.011096+00:00
2026-10-04T01:00:00Z,Grosvenor,Deiveson Figueiredo,4.8,Payton Talbott,1.06,2026-09-23T16:44:40.011096+00:00
2026-10-04T01:00:00Z,888sport,Deiveson Figueiredo,6.1,Payton Talbott,1.12,2026-09-23T16:44:40.011096+00:00
2026-10-04T01:00:00Z,Pinnacle,Deiveson Figueiredo,6.09,Payton Talbott,1.14,2026-09-23T16:44:40.011096+00:00
2026-10-04T01:00:00Z,Coolbet,Deiveson Figueiredo,5.85,Payton Talbott,1.15,2026-09-23T16:44:40.011096+00:00
2026-10-04T01:00:00Z,BetAnything,Deiveson Figueiredo,5.0,Payton Talbott,1.14,2026-09-23T16:44:40.011096+00:00
2026-10-04T04:30:00Z,DraftKings,Natalia Silva,1.49,Wang Cong,2.7,2026-09-23T16:44:40.011096+00:00
2026-10-04T04:30:00Z,Betclic (FR),Natalia Silva,1.39,Wang Cong,2.77,2026-09-23T16:44:40.011096+00:00
2026-10-04T04:30:00Z,BetOnline.ag,Natalia Silva,1.48,Wang Cong,2.77,2026-09-23T16:44:40.011096+00:00
2026-10-04T04:30:00Z,LiveScore Bet,Natalia Silva,1.49,Wang Cong,2.63,2026-09-23T16:44:40.011096+00:00
2026-10-04T04:30:00Z,Grosvenor,Natalia Silva,1.36,Wang Cong,2.38,2026-09-23T16:44:40.011096+00:00
2026-10-04T04:30:00Z,BetRivers,Natalia Silva,1.49,Wang Cong,2.63,2026-09-23T16:44:40.011096+00:00
2026-10-04T04:30:00Z,Virgin Bet,Natalia Silva,1.49,Wang Cong,2.63,2026-09-23T16:44:40.011096+00:00
2026-10-04T04:30:00Z,FanDuel,Natalia Silva,1.5,Wang Cong,2.6,2026-09-23T16:44:40.011096+00:00
2026-10-04T04:30:00Z,Sky Bet,Natalia Silva,1.5,Wang Cong,2.63,2026-09-23T16:44:40.011096+00:00
2026-10-04T04:30:00Z,Paddy Power,Natalia Silva,1.5,Wang Cong,2.62,2026-09-23T16:44:40.011096+00:00
2026-10-04T04:30:00Z,Unibet (UK),Natalia Silva,1.45,Wang Cong,2.65,2026-09-23T16:44:40.011096+00:00
2026-10-04T04:30:00Z,Winamax (FR),Natalia Silva,1.41,Wang Cong,2.45,2026-09-23T16:44:40.011096+00:00
2026-10-04T04:30:00Z,888sport,Natalia Silva,1.47,Wang Cong,2.65,2026-09-23T16:44:40.011096+00:00
2026-10-04T04:30:00Z,Betfair,Natalia Silva,1.48,Wang Cong,1.82,2026-09-23T16:44:40.011096+00:00
2026-10-04T04:30:00Z,Betfair,Natalia Silva,1.48,Wang Cong,1.82,2026-09-23T16:44:40.011096+00:00
2026-10-04T04:30:00Z,Pinnacle,Natalia Silva,1.5,Wang Cong,2.7,2026-09-23T16:44:40.011096+00:00
2026-10-04T04:30:00Z,Coolbet,Natalia Silva,1.5,Wang Cong,2.65,2026-09-23T16:44:40.011096+00:00
2026-10-04T04:30:00Z,BetAnything,Natalia Silva,1.53,Wang Cong,2.6,2026-09-23T16:44:40.011096+00:00
2026-10-04T04:30:00Z,PMU (FR),Natalia Silva,1.49,Wang Cong,2.63,2026-09-23T16:44:40.011096+00:00
2026-10-04T04:30:00Z,Betsson,Natalia Silva,1.46,Wang Cong,2.65,2026-09-23T16:44:40.011096+00:00
2026-10-04T04:30:00Z,Nordic Bet,Natalia Silva,1.48,Wang Cong,2.7,2026-09-23T16:44:40.011096+00:00
2026-10-25T03:30:00Z,DraftKings,Merab Dvalishvili,2.54,Petr Yan,1.54,2026-09-23T16:44:40.011096+00:00
2026-10-25T03:30:00Z,Betclic (FR),Merab Dvalishvili,2.4,Petr Yan,1.5,2026-09-23T16:44:40.011096+00:00
2026-10-25T03:30:00Z,BetOnline.ag,Merab Dvalishvili,2.53,Petr Yan,1.56,2026-09-23T16:44:40.011096+00:00
2026-10-25T03:30:00Z,Virgin Bet,Merab Dvalishvili,2.45,Petr Yan,1.55,2026-09-23T16:44:40.011096+00:00
2026-10-25T03:30:00Z,Grosvenor,Merab Dvalishvili,2.25,Petr Yan,1.42,2026-09-23T16:44:40.011096+00:00
2026-10-25T03:30:00Z,LiveScore Bet,Merab Dvalishvili,2.45,Petr Yan,1.55,2026-09-23T16:44:40.011096+00:00
2026-10-25T03:30:00Z,BetRivers,Merab Dvalishvili,2.45,Petr Yan,1.55,2026-09-23T16:44:40.011096+00:00
2026-10-25T03:30:00Z,FanDuel,Merab Dvalishvili,2.4,Petr Yan,1.58,2026-09-23T16:44:40.011096+00:00
2026-10-25T03:30:00Z,Paddy Power,Merab Dvalishvili,2.38,Petr Yan,1.57,2026-09-23T16:44:40.011096+00:00
2026-10-25T03:30:00Z,Sky Bet,Merab Dvalishvili,2.38,Petr Yan,1.57,2026-09-23T16:44:40.011096+00:00
2026-10-25T03:30:00Z,Winamax (FR),Merab Dvalishvili,2.35,Petr Yan,1.5,2026-09-23T16:44:40.011096+00:00
2026-10-25T03:30:00Z,Marathon Bet,Merab Dvalishvili,2.52,Petr Yan,1.5,2026-09-23T16:44:40.011096+00:00
2026-10-25T03:30:00Z,Betfair,Merab Dvalishvili,2.68,Petr Yan,1.57,2026-09-23T16:44:40.011096+00:00
2026-10-25T03:30:00Z,Betfair,Merab Dvalishvili,2.68,Petr Yan,1.57,2026-09-23T16:44:40.011096+00:00
2026-10-25T03:30:00Z,Nordic Bet,Merab Dvalishvili,2.5,Petr Yan,1.5,2026-09-23T16:44:40.011096+00:00
2026-10-25T03:30:00Z,Unibet (UK),Merab Dvalishvili,2.4,Petr Yan,1.53,2026-09-23T16:44:40.011096+00:00
2026-10-25T03:30:00Z,Unibet (FR),Merab Dvalishvili,2.3,Petr Yan,1.46,2026-09-23T16:44:40.011096+00:00
2026-10-25T03:30:00Z,Betsson,Merab Dvalishvili,2.5,Petr Yan,1.51,2026-09-23T16:44:40.011096+00:00
2026-10-25T03:30:00Z,Pinnacle,Merab Dvalishvili,2.55,Petr Yan,1.55,2026-09-23T16:44:40.011096+00:00
2026-10-25T03:30:00Z,Coolbet,Merab Dvalishvili,2.53,Petr Yan,1.55,2026-09-23T16:44:40.011096+00:00
2026-10-25T03:30:00Z,PMU (FR),Merab Dvalishvili,2.45,Petr Yan,1.55,2026-09-23T16:44:40.011096+00:00
2026-10-25T04:00:00Z,DraftKings,Alex Volkanovski,1.89,Movsar Evloev,1.93,2026-09-23T16:44:40.011096+00:00
2026-10-25T04:00:00Z,Betclic (FR),Alex Volkanovski,1.76,Movsar Evloev,1.95,2026-09-23T16:44:40.011096+00:00
2026-10-25T04:00:00Z,BetRivers,Alex Volkanovski,1.85,Movsar Evloev,1.93,2026-09-23T16:44:40.011096+00:00
2026-10-25T04:00:00Z,Virgin Bet,Alex Volkanovski,1.86,Movsar Evloev,1.94,2026-09-23T16:44:40.011096+00:00
2026-10-25T04:00:00Z,Grosvenor,Alex Volkanovski,1.71,Movsar Evloev,1.77,2026-09-23T16:44:40.011096+00:00
2026-10-25T04:00:00Z,LiveScore Bet,Alex Volkanovski,1.86,Movsar Evloev,1.94,2026-09-23T16:44:40.011096+00:00
2026-10-25T04:00:00Z,BetOnline.ag,Alex Volkanovski,1.91,Movsar Evloev,1.94,2026-09-23T16:44:40.011096+00:00
2026-10-25T04:00:00Z,FanDuel,Alex Volkanovski,1.88,Movsar Evloev,1.88,2026-09-23T16:44:40.011096+00:00
2026-10-25T04:00:00Z,Paddy Power,Alex Volkanovski,1.9,Movsar Evloev,1.9,2026-09-23T16:44:40.011096+00:00
2026-10-25T04:00:00Z,Sky Bet,Alex Volkanovski,1.9,Movsar Evloev,1.9,2026-09-23T16:44:40.011096+00:00
2026-10-25T04:00:00Z,Winamax (FR),Alex Volkanovski,1.82,Movsar Evloev,1.86,2026-09-23T16:44:40.011096+00:00
2026-10-25T04:00:00Z,Marathon Bet,Alex Volkanovski,1.91,Movsar Evloev,1.85,2026-09-23T16:44:40.011096+00:00
2026-10-25T04:00:00Z,Betfair,Alex Volkanovski,1.94,Movsar Evloev,2.02,2026-09-23T16:44:40.011096+00:00
2026-10-25T04:00:00Z,Betfair,Alex Volkanovski,1.94,Movsar Evloev,2.02,2026-09-23T16:44:40.011096+00:00
2026-10-25T04:00:00Z,Betsson,Alex Volkanovski,1.96,Movsar Evloev,1.82,2026-09-23T16:44:40.011096+00:00
2026-10-25T04:00:00Z,Nordic Bet,Alex Volkanovski,1.95,Movsar Evloev,1.81,2026-09-23T16:44:40.011096+00:00
2026-10-25T04:00:00Z,Unibet (FR),Alex Volkanovski,1.74,Movsar Evloev,1.83,2026-09-23T16:44:40.011096+00:00
2026-10-25T04:00:00Z,Unibet (UK),Alex Volkanovski,1.85,Movsar Evloev,1.88,2026-09-23T16:44:40.011096+00:00
2026-10-25T04:00:00Z,PMU (FR),Alex Volkanovski,1.85,Movsar Evloev,1.93,2026-09-23T16:44:40.011096+00:00
2026-10-25T04:00:00Z,Pinnacle,Alex Volkanovski,1.91,Movsar Evloev,1.94,2026-09-23T16:44:40.011096+00:00
2026-10-25T04:00:00Z,Coolbet,Alex Volkanovski,1.83,Movsar Evloev,2.03,2026-09-23T16:44:40.011096+00:00
2026-11-15T05:00:00Z,DraftKings,Amanda Nunes,2.6,Kayla Harrison,1.52,2026-09-23T16:44:40.011096+00:00
2026-11-15T05:00:00Z,Betclic (FR),Amanda Nunes,2.6,Kayla Harrison,1.43,2026-09-23T16:44:40.011096+00:00
2026-11-15T05:00:00Z,BetOnline.ag,Amanda Nunes,2.69,Kayla Harrison,1.5,2026-09-23T16:44:40.011096+00:00
2026-11-15T05:00:00Z,Virgin Bet,Amanda Nunes,2.63,Kayla Harrison,1.49,2026-09-23T16:44:40.011096+00:00
2026-11-15T05:00:00Z,LiveScore Bet,Amanda Nunes,2.63,Kayla Harrison,1.49,2026-09-23T16:44:40.011096+00:00
2026-11-15T05:00:00Z,Grosvenor,Amanda Nunes,2.38,Kayla Harrison,1.36,2026-09-23T16:44:40.011096+00:00
2026-11-15T05:00:00Z,BetRivers,Amanda Nunes,2.63,Kayla Harrison,1.49,2026-09-23T16:44:40.011096+00:00
2026-11-15T05:00:00Z,Pinnacle,Amanda Nunes,2.59,Kayla Harrison,1.53,2026-09-23T16:44:40.011096+00:00
2026-11-15T05:00:00Z,Coolbet,Amanda Nunes,2.65,Kayla Harrison,1.51,2026-09-23T16:44:40.011096+00:00
2026-11-15T05:00:00Z,Winamax (FR),Amanda Nunes,2.5,Kayla Harrison,1.44,2026-09-23T16:44:40.011096+00:00
2026-11-15T05:00:00Z,Nordic Bet,Amanda Nunes,2.5,Kayla Harrison,1.5,2026-09-23T16:44:40.011096+00:00
2026-11-15T05:00:00Z,Betsson,Amanda Nunes,2.5,Kayla Harrison,1.51,2026-09-23T16:44:40.011096+00:00
2026-11-15T05:00:00Z,Unibet (UK),Amanda Nunes,2.55,Kayla Harrison,1.48,2026-09-23T16:44:40.011096+00:00
2026-11-15T05:30:00Z,DraftKings,Ciryl Gane,1.33,Josh Hokit,3.45,2026-09-23T16:44:40.011096+00:00
2026-11-15T05:30:00Z,Betclic (FR),Ciryl Gane,1.28,Josh Hokit,3.35,2026-09-23T16:44:40.011096+00:00
2026-11-15T05:30:00Z,BetOnline.ag,Ciryl Gane,1.33,Josh Hokit,3.47,2026-09-23T16:44:40.011096+00:00
2026-11-15T05:30:00Z,Virgin Bet,Ciryl Gane,1.36,Josh Hokit,3.15,2026-09-23T16:44:40.011096+00:00
2026-11-15T05:30:00Z,LiveScore Bet,Ciryl Gane,1.36,Josh Hokit,3.15,2026-09-23T16:44:40.011096+00:00
2026-11-15T05:30:00Z,Grosvenor,Ciryl Gane,1.26,Josh Hokit,2.8,2026-09-23T16:44:40.011096+00:00
2026-11-15T05:30:00Z,BetRivers,Ciryl Gane,1.36,Josh Hokit,3.15,2026-09-23T16:44:40.011096+00:00
2026-11-15T05:30:00Z,Pinnacle,Ciryl Gane,1.34,Josh Hokit,3.45,2026-09-23T16:44:40.011096+00:00
2026-11-15T05:30:00Z,Coolbet,Ciryl Gane,1.36,Josh Hokit,3.28,2026-09-23T16:44:40.011096+00:00
2026-11-15T05:30:00Z,Winamax (FR),Ciryl Gane,1.29,Josh Hokit,3.15,2026-09-23T16:44:40.011096+00:00
2026-11-15T05:30:00Z,PMU (FR),Ciryl Gane,1.36,Josh Hokit,3.15,2026-09-23T16:44:40.011096+00:00
2026-11-15T05:30:00Z,Unibet (FR),Ciryl Gane,1.3,Josh Hokit,3.25,2026-09-23T16:44:40.011096+00:00
2026-11-15T05:30:00Z,Marathon Bet,Ciryl Gane,1.34,Josh Hokit,3.14,2026-09-23T16:44:40.011096+00:00
2026-11-15T05:30:00Z,Unibet (UK),Ciryl Gane,1.3,Josh Hokit,3.3,2026-09-23T16:44:40.011096+00:00
2026-12-31T05:00:00Z,BetOnline.ag,Ilia Topuria,1.4,Justin Gaethje,3.1,2026-09-23T16:44:40.011096+00:00
2026-12-31T17:00:00Z,BetOnline.ag,Conor McGregor,1.69,Jorge Masvidal,2.25,2026-09-23T16:44:40.011096+00:00
2027-01-01T03:00:00Z,BetOnline.ag,Khamzat Chimaev,1.2,Paulo Henrique Costa,4.75,2026-09-23T16:44:40.011096+00:00
2027-01-01T03:00:00Z,BetOnline.ag,Khamzat Chimaev,1.49,Sean Strickland,2.75,2026-09-23T16:44:40.011096+00:00
2027-01-01T03:00:00Z,BetOnline.ag,Max Holloway,1.56,Paddy Pimblett,2.55,2026-09-23T16:44:40.011096+00:00
2027-01-01T03:00:00Z,BetOnline.ag,Nassourdine Imavov,2.05,Sean Strickland,1.8,2026-09-23T16:44:40.011096+00:00
2027-04-25T02:00:00Z,BetOnline.ag,Carlos Prates,3.07,Islam Makhachev,1.4,2026-09-23T16:44:40.011096+00:00
2027-04-25T02:00:00Z,BetOnline.ag,Islam Makhachev,1.5,Michael Morales,2.74,2026-09-23T16:44:40.011096+00:00
2027-07-01T02:00:00Z,BetOnline.ag,Joshua Van,1.93,Manel Kape,1.89,2026-09-23T16:44:40.011096+00:00
2027-07-02T02:00:00Z,BetOnline.ag,Islam Makhachev,1.25,Kamaru Usman,4.3,2026-09-23T16:44:40.011096+00:00
2027-07-11T00:00:00Z,BetOnline.ag,Conor McGregor,2.4,Paddy Pimblett,1.62,2026-09-23T16:44:40.011096+00:00
2027-08-01T02:00:00Z,BetOnline.ag,Carlos Ulberg,2.57,Magomed Ankalaev,1.56,2026-09-23T16:44:40.011096+00:00
2027-08-01T02:00:00Z,BetOnline.ag,Jiri Prochazka,2.74,Magomed Ankalaev,1.5,2026-09-23T16:44:40.011096+00:00
2028-07-30T04:00:00Z,BetOnline.ag,Arman Tsarukyan,1.22,Justin Gaethje,4.5,2026-09-23T16:44:40.011096+00:00
