event_url,fight_url,bout_order,f_1_name,f_1_url,f_2_name,f_2_url,weight_class,title_fight,event_name,event_date,event_location,num_rounds,gender
manual:pastedcard:2026-09-26,manual:http://ufcstats.com/fighter-details/2c483cf443f38ece|http://ufcstats.com/fighter-details/40cb680ae1cd331f|2026-09-26,0,Vanessa Demopoulos,http://ufcstats.com/fighter-details/2c483cf443f38ece,Yazmin Jauregui,http://ufcstats.com/fighter-details/40cb680ae1cd331f,Women's Flyweight,False,Pasted card,2026-09-26,,5,F
manual:pastedcard:2026-09-26,manual:http://ufcstats.com/fighter-details/9e50097a89442158|http://ufcstats.com/fighter-details/4e6738062d469256|2026-09-26,1,Mickey Gall,http://ufcstats.com/fighter-details/9e50097a89442158,Sedriques Dumas,http://ufcstats.com/fighter-details/4e6738062d469256,Middleweight,False,Pasted card,2026-09-26,,3,M
manual:pastedcard:2026-09-26,manual:http://ufcstats.com/fighter-details/5fa2974cbd18e05c|http://ufcstats.com/fighter-details/1897b7b913736a7c|2026-09-26,2,John Castaneda,http://ufcstats.com/fighter-details/5fa2974cbd18e05c,Alatengheili,http://ufcstats.com/fighter-details/1897b7b913736a7c,Bantamweight,False,Pasted card,2026-09-26,,3,M
manual:pastedcard:2026-09-26,manual:http://ufcstats.com/fighter-details/d3f5d33d61cd00c9|http://ufcstats.com/fighter-details/06e4245d16fc5315|2026-09-26,3,Norma Dumont,http://ufcstats.com/fighter-details/d3f5d33d61cd00c9,Ailin Perez,http://ufcstats.com/fighter-details/06e4245d16fc5315,Women's Bantamweight,False,Pasted card,2026-09-26,,3,F
manual:pastedcard:2026-09-26,manual:http://ufcstats.com/fighter-details/cc1a8b4b38b92c6d|http://ufcstats.com/fighter-details/5987b2458f4b5290|2026-09-26,4,Montel Jackson,http://ufcstats.com/fighter-details/cc1a8b4b38b92c6d,Ricky Simon,http://ufcstats.com/fighter-details/5987b2458f4b5290,Bantamweight,False,Pasted card,2026-09-26,,3,M
manual:pastedcard:2026-09-26,manual:http://ufcstats.com/fighter-details/48a9a128784d53d1|http://ufcstats.com/fighter-details/e5864a42c80294f6|2026-09-26,5,Elves Brener,http://ufcstats.com/fighter-details/48a9a128784d53d1,Josiah Harrell,http://ufcstats.com/fighter-details/e5864a42c80294f6,Welterweight,False,Pasted card,2026-09-26,,3,M
manual:pastedcard:2026-09-26,manual:http://ufcstats.com/fighter-details/69898645d600abdb|http://ufcstats.com/fighter-details/f5d82eccdea4e2dd|2026-09-26,6,Rodolfo Bellato,http://ufcstats.com/fighter-details/69898645d600abdb,Christian Edwards,http://ufcstats.com/fighter-details/f5d82eccdea4e2dd,Catch Weight,False,Pasted card,2026-09-26,,3,M
manual:pastedcard:2026-09-26,manual:http://ufcstats.com/fighter-details/7af33fc4435017f1|http://ufcstats.com/fighter-details/d8c811df0386d5e8|2026-09-26,7,Brady Hiestand,http://ufcstats.com/fighter-details/7af33fc4435017f1,Rinya Nakamura,http://ufcstats.com/fighter-details/d8c811df0386d5e8,Bantamweight,False,Pasted card,2026-09-26,,3,M
manual:pastedcard:2026-09-26,manual:http://ufcstats.com/fighter-details/260e9e0d4954aea6|http://ufcstats.com/fighter-details/f96856f9d69fd7e4|2026-09-26,8,Rodolfo Vieira,http://ufcstats.com/fighter-details/260e9e0d4954aea6,Robert Bryczek,http://ufcstats.com/fighter-details/f96856f9d69fd7e4,Middleweight,False,Pasted card,2026-09-26,,3,M
manual:pastedcard:2026-09-26,manual:http://ufcstats.com/fighter-details/fe2babf95de24fb1|http://ufcstats.com/fighter-details/b9f28e7045fdfce7|2026-09-26,9,Raul Rosas Jr.,http://ufcstats.com/fighter-details/fe2babf95de24fb1,Raoni Barcelos,http://ufcstats.com/fighter-details/b9f28e7045fdfce7,Bantamweight,False,Pasted card,2026-09-26,,3,M
manual:ufcsilvavswang:2026-09-30,manual:http://ufcstats.com/fighter-details/262d32ebda89efc4|http://ufcstats.com/fighter-details/2997e7fe3c9d3d4a|2026-09-30,0,Natalia Silva,http://ufcstats.com/fighter-details/262d32ebda89efc4,Wang Cong,http://ufcstats.com/fighter-details/2997e7fe3c9d3d4a,Women's Flyweight,False,UFC 332 Silva vs Wang,2026-09-30,,5,F
manual:ufcsilvavswang:2026-09-30,manual:http://ufcstats.com/fighter-details/aa72b0f831d0bfe5|http://ufcstats.com/fighter-details/6e743a33d56bdaa4|2026-09-30,1,Deiveson Figueiredo,http://ufcstats.com/fighter-details/aa72b0f831d0bfe5,Payton Talbott,http://ufcstats.com/fighter-details/6e743a33d56bdaa4,Bantamweight,False,UFC 332 Silva vs Wang,2026-09-30,,3,M
manual:ufcsilvavswang:2026-09-30,manual:http://ufcstats.com/fighter-details/887961364be5ceb3|http://ufcstats.com/fighter-details/323d4ca260dfa0ba|2026-09-30,2,King Green,http://ufcstats.com/fighter-details/887961364be5ceb3,Esteban Ribovics,http://ufcstats.com/fighter-details/323d4ca260dfa0ba,Lightweight,False,UFC 332 Silva vs Wang,2026-09-30,,3,M
manual:ufcsilvavswang:2026-09-30,manual:http://ufcstats.com/fighter-details/2f815ed5f8278ba6|http://ufcstats.com/fighter-details/9d83f6da776ff7d6|2026-09-30,3,Ateba Gautier,http://ufcstats.com/fighter-details/2f815ed5f8278ba6,Roman Kopylov,http://ufcstats.com/fighter-details/9d83f6da776ff7d6,Middleweight,False,UFC 332 Silva vs Wang,2026-09-30,,3,M
manual:ufcsilvavswang:2026-09-30,manual:http://ufcstats.com/fighter-details/6e8349a0a0476d60|http://ufcstats.com/fighter-details/5e9ca8dd7d783a75|2026-09-30,4,Imanol Rodriguez,http://ufcstats.com/fighter-details/6e8349a0a0476d60,Alden Coria,http://ufcstats.com/fighter-details/5e9ca8dd7d783a75,Flyweight,False,UFC 332 Silva vs Wang,2026-09-30,,3,M
manual:ufcsilvavswang:2026-09-30,manual:http://ufcstats.com/fighter-details/fdd22e895a70e4a8|http://ufcstats.com/fighter-details/22e07d3da1aa3475|2026-09-30,5,Damian Pinas,http://ufcstats.com/fighter-details/fdd22e895a70e4a8,Andrey Pulyaev,http://ufcstats.com/fighter-details/22e07d3da1aa3475,Middleweight,False,UFC 332 Silva vs Wang,2026-09-30,,3,M
manual:ufcsilvavswang:2026-09-30,manual:http://ufcstats.com/fighter-details/c0ac37a4a1133da9|http://ufcstats.com/fighter-details/b6c37948cb226e8c|2026-09-30,6,Marcus McGhee,http://ufcstats.com/fighter-details/c0ac37a4a1133da9,Benardo Sopaj,http://ufcstats.com/fighter-details/b6c37948cb226e8c,Bantamweight,False,UFC 332 Silva vs Wang,2026-09-30,,3,M
manual:ufcsilvavswang:2026-09-30,manual:http://ufcstats.com/fighter-details/c21f26bbde777573|http://ufcstats.com/fighter-details/0d5cc0170c1a7e71|2026-09-30,7,Johnny Walker,http://ufcstats.com/fighter-details/c21f26bbde777573,Mick Parkin,http://ufcstats.com/fighter-details/0d5cc0170c1a7e71,Light Heavyweight,False,UFC 332 Silva vs Wang,2026-09-30,,3,M
manual:ufcsilvavswang:2026-09-30,manual:http://ufcstats.com/fighter-details/6a2f7c151031653d|http://ufcstats.com/fighter-details/262a7d06203657e6|2026-09-30,8,Rafael Dos Anjos,http://ufcstats.com/fighter-details/6a2f7c151031653d,Alexander Hernandez,http://ufcstats.com/fighter-details/262a7d06203657e6,Lightweight,False,UFC 332 Silva vs Wang,2026-09-30,,3,M
manual:ufcsilvavswang:2026-09-30,manual:http://ufcstats.com/fighter-details/7acbb0972e75281a|http://ufcstats.com/fighter-details/6a96ad1bc34fb113|2026-09-30,9,Marvin Vettori,http://ufcstats.com/fighter-details/7acbb0972e75281a,Ismail Naurdiev,http://ufcstats.com/fighter-details/6a96ad1bc34fb113,Middleweight,False,UFC 332 Silva vs Wang,2026-09-30,,3,M
manual:ufcsilvavswang:2026-09-30,manual:http://ufcstats.com/fighter-details/523fa774700d7d3f|http://ufcstats.com/fighter-details/64b12fe31be7560c|2026-09-30,10,Court McGee,http://ufcstats.com/fighter-details/523fa774700d7d3f,Eric Nolan,http://ufcstats.com/fighter-details/64b12fe31be7560c,Welterweight,False,UFC 332 Silva vs Wang,2026-09-30,,3,M
manual:pastedcard:2026-09-30,manual:http://ufcstats.com/fighter-details/262d32ebda89efc4|http://ufcstats.com/fighter-details/2997e7fe3c9d3d4a|2026-09-30,0,Natalia Silva,http://ufcstats.com/fighter-details/262d32ebda89efc4,Wang Cong,http://ufcstats.com/fighter-details/2997e7fe3c9d3d4a,Women's Flyweight,False,Pasted card,2026-09-30,,5,F
manual:pastedcard:2026-09-30,manual:http://ufcstats.com/fighter-details/aa72b0f831d0bfe5|http://ufcstats.com/fighter-details/6e743a33d56bdaa4|2026-09-30,1,Deiveson Figueiredo,http://ufcstats.com/fighter-details/aa72b0f831d0bfe5,Payton Talbott,http://ufcstats.com/fighter-details/6e743a33d56bdaa4,Bantamweight,False,Pasted card,2026-09-30,,3,M
manual:pastedcard:2026-09-30,manual:http://ufcstats.com/fighter-details/887961364be5ceb3|http://ufcstats.com/fighter-details/323d4ca260dfa0ba|2026-09-30,2,King Green,http://ufcstats.com/fighter-details/887961364be5ceb3,Esteban Ribovics,http://ufcstats.com/fighter-details/323d4ca260dfa0ba,Lightweight,False,Pasted card,2026-09-30,,3,M
manual:pastedcard:2026-09-30,manual:http://ufcstats.com/fighter-details/2f815ed5f8278ba6|http://ufcstats.com/fighter-details/9d83f6da776ff7d6|2026-09-30,3,Ateba Gautier,http://ufcstats.com/fighter-details/2f815ed5f8278ba6,Roman Kopylov,http://ufcstats.com/fighter-details/9d83f6da776ff7d6,Middleweight,False,Pasted card,2026-09-30,,3,M
manual:pastedcard:2026-09-30,manual:http://ufcstats.com/fighter-details/6e8349a0a0476d60|http://ufcstats.com/fighter-details/5e9ca8dd7d783a75|2026-09-30,4,Imanol Rodriguez,http://ufcstats.com/fighter-details/6e8349a0a0476d60,Alden Coria,http://ufcstats.com/fighter-details/5e9ca8dd7d783a75,Flyweight,False,Pasted card,2026-09-30,,3,M
manual:pastedcard:2026-09-30,manual:http://ufcstats.com/fighter-details/fdd22e895a70e4a8|http://ufcstats.com/fighter-details/22e07d3da1aa3475|2026-09-30,5,Damian Pinas,http://ufcstats.com/fighter-details/fdd22e895a70e4a8,Andrey Pulyaev,http://ufcstats.com/fighter-details/22e07d3da1aa3475,Middleweight,False,Pasted card,2026-09-30,,3,M
manual:pastedcard:2026-09-30,manual:http://ufcstats.com/fighter-details/c0ac37a4a1133da9|http://ufcstats.com/fighter-details/b6c37948cb226e8c|2026-09-30,6,Marcus McGhee,http://ufcstats.com/fighter-details/c0ac37a4a1133da9,Benardo Sopaj,http://ufcstats.com/fighter-details/b6c37948cb226e8c,Bantamweight,False,Pasted card,2026-09-30,,3,M
manual:pastedcard:2026-09-30,manual:http://ufcstats.com/fighter-details/c21f26bbde777573|http://ufcstats.com/fighter-details/0d5cc0170c1a7e71|2026-09-30,7,Johnny Walker,http://ufcstats.com/fighter-details/c21f26bbde777573,Mick Parkin,http://ufcstats.com/fighter-details/0d5cc0170c1a7e71,Light Heavyweight,False,Pasted card,2026-09-30,,3,M
manual:pastedcard:2026-09-30,manual:http://ufcstats.com/fighter-details/6a2f7c151031653d|http://ufcstats.com/fighter-details/262a7d06203657e6|2026-09-30,8,Rafael Dos Anjos,http://ufcstats.com/fighter-details/6a2f7c151031653d,Alexander Hernandez,http://ufcstats.com/fighter-details/262a7d06203657e6,Lightweight,False,Pasted card,2026-09-30,,3,M
manual:pastedcard:2026-09-30,manual:http://ufcstats.com/fighter-details/7acbb0972e75281a|http://ufcstats.com/fighter-details/6a96ad1bc34fb113|2026-09-30,9,Marvin Vettori,http://ufcstats.com/fighter-details/7acbb0972e75281a,Ismail Naurdiev,http://ufcstats.com/fighter-details/6a96ad1bc34fb113,Middleweight,False,Pasted card,2026-09-30,,3,M
manual:pastedcard:2026-09-30,manual:http://ufcstats.com/fighter-details/523fa774700d7d3f|http://ufcstats.com/fighter-details/64b12fe31be7560c|2026-09-30,10,Court McGee,http://ufcstats.com/fighter-details/523fa774700d7d3f,Eric Nolan,http://ufcstats.com/fighter-details/64b12fe31be7560c,Welterweight,False,Pasted card,2026-09-30,,3,M
